매물코드,지역코드,지역명,매물정보,매물방식,주거형태,면적,층,특이사항,확인매물,거래가액,월세,태그,부동산,매물방향
2115970360,1144011100,마포구 ,SITE,월세,원룸,24,1/5,광흥창역 대흥역세권 풀옵신축 사무실사용가능,21.06.21.,"1,000",60,"['2년이내', '융자금없는', '1층']",효성해링턴 공인중개사사무소,남동향
2115765163,1144011100,마포구 ,SITE,월세,원룸,29,4/5,올리모델링 룸메이트 두분이 쓰시면 좋아요.배랜다 공간 넓음,21.06.18.,"3,000",80,"['25년이내', '융자금없는', '역세권']",현대아이파크공인중개사사무소,북동향
2115763962,1144011100,마포구 ,SITE,월세,원룸,18,3/5,NaN,21.06.18.,"1,000",60,"['15년이내', '융자금없는', '역세권']",현대아이파크공인중개사사무소,남향
2115764635,1144011100,마포구 ,SITE,월세,원룸,18,4/5,올리모델링 보증금조정가능 1천60 가능,21.06.18.,"2,000",55,"['25년이내', '융자금없는', '역세권']",현대아이파크공인중개사사무소,북향
2115665893,1144010900,마포구 ,SITE,월세,원룸,20,-1/2,이대역 도보5분 지층 풀옵션 분리형원룸 넓어요.,21.06.17.,500,50,"['25년이상', '융자금없는', '역세권']",이대명품공인중개사사무소,남향
2115690888,1144011500,마포구 ,SITE,월세,원룸,29,저/3,상수역 합정역 역세권  보증금 하양가능 월세 저렴한 원룸,21.06.17.,"3,000",51,"['25년이내', '융자금없는', '역세권']",효성해링턴 공인중개사사무소,남동향
2115666365,1144010900,마포구 ,SITE,월세,원룸,21,-1/4,올수리 첫입주 풀옵션 즉시입주가능,21.06.17.,500,25,"['25년이상', '융자금없는', '올수리']",이대명품공인중개사사무소,서향
2115689493,1144011500,마포구 ,SITE,월세,원룸,29,-1/3,상수역 합정역 역세권 월세 보증금 저렴한 원룸,21.06.17.,500,44,"['25년이내', '융자금없는', '역세권']",효성해링턴 공인중개사사무소,남동향
2115669819,1144010900,마포구 ,SITE,월세,원룸,40,1/2,2호선 이대역 채광좋은 투룸,21.06.17.,500,70,"['25년이상', '융자금없는', '역세권']",으뜸공인중개사사무소,서향
2115648327,1144010900,마포구 ,SITE,월세,원룸,20,-1/2,이대역 도보5분 반지층 풀옵션 분리형 리모델링1년차원룸.,21.06.17.,500,45,"['융자금없는', '역세권', '화장실한개']",이대명품공인중개사사무소,서향
2115667847,1144010800,마포구 ,SITE,월세,원룸,38,1/3,2호선 이대역 풀옵션 투룸,21.06.17.,"1,000",75,"['25년이상', '융자금없는', '역세권']",으뜸공인중개사사무소,동향
2115691345,1144011500,마포구 ,SITE,월세,원룸,29,중/3,상수역 합정역 역세권  보증금 상향 가능 월세 저렴한 원룸,21.06.17.,"1,000",57,"['25년이내', '융자금없는', '역세권']",효성해링턴 공인중개사사무소,남동향
2115689857,1144011500,마포구 ,SITE,월세,원룸,29,-1/3,상수역 합정역 역세권 월세 보증금 저렴한 원룸,21.06.17.,500,44,"['25년이내', '융자금없는', '역세권']",효성해링턴 공인중개사사무소,남동향
2115580338,1144012300,마포구 ,SITE,월세,원룸,37,3/4,망원역세권 전용 넓은 분리형 원룸 관리비 저렴 주차가능,21.06.16.,"1,000",70,"['15년이내', '융자금없는', '역세권']",효성해링턴 공인중개사사무소,남향
2115488291,1144012500,마포구 ,SITE,월세,원룸,20,1/2,단독주택  오픈형 원룸  풀옵션  한달여유 ,21.06.15.,"1,000",40,"['25년이상', '융자금없는', '역세권']",호박공인중개사사무소,남동향
2115560787,1144012200,마포구 ,SITE,월세,원룸,20,2/3,수리완료되어있는 원룸 전입가능 보증금 월세 조정가능,21.06.16.,500,40,"['15년이내', '융자금없는', '소형평수']",유명부동산공인중개사사무소,남향
2116036208,1144011200,마포구 ,MOBL,월세,원룸,25,고/35,한강조망 풀옵션원룸 상태최상 아파트커뮤니티시설이용가능 입주협의 ,21.06.21.,"2,000",75,"['10년이내', '융자금없는', '소형평수']",웰스트림마포공인중개사사무소,남서향
2115944531,1144010900,마포구 ,MOBL,월세,원룸,62,고/4,탁트인 전망 넓은 거실 옥상창고사용,21.06.21.,"1,000",90,"['융자금없는', '역세권', '소형평수', '방한개']",삼성래미안공인중개사사무소,남서향
2116235179,1144012300,마포구 ,OWNER,월세,원룸,26,-1/2,수리된 분리형구조 원룸,21.06.22.,"1,000",45,"['융자금없는', '소형평수', '방한개']",마포우리공인중개사사무소,북서향
2116236712,1144012300,마포구 ,OWNER,월세,원룸,23,2/4,초역세권 신축4년 풀옵션 남향채광굿 깔끔함,21.06.22.,500,47,"['10년이내', '융자금없는', '역세권']",금풍공인중개사,남향
2116165889,1144012700,마포구 ,OWNER,월세,원룸,23,5/5,전용넓은 풀옵션원룸 2인거주가능 누리꿈스퀘어인접 도보출퇴근,21.06.22.,"1,000",50,"['25년이내', '융자금없는', '역세권']",로얄공인중개사사무소,남서향
2116183030,1144011100,마포구 ,OWNER,월세,원룸,18,3/4,신수동 광흥창역 도보4분  풀옵션원룸 공실 하시입주,21.06.22.,500,35,"['15년이내', '융자금없는', '역세권', '화장실한개']",대신공인중개사사무소,동향
2116192263,1144011000,마포구 ,OWNER,월세,원룸,12,4/4,신촌역 5분 월세 초 저렴,21.06.22.,500,35,"['10년이내', '융자금없는', '역세권']",신촌그랑자이공인중개사사무소 ,동향
2116140882,1144012300,마포구 ,OWNER,월세,원룸,16,2/3,빠른입주 깔끔한 풀옵션원룸,21.06.22.,500,45,"['15년이내', '융자금없는', '소형평수']",마포우리공인중개사사무소,북서향
2115104004,1144012700,마포구 ,SITE,월세,원룸,20,3/5,엘베 풀옵션 넓은 원룸.,21.06.14.,"1,000",60,"['25년이내', '융자금없는', '역세권']",연일공인중개사,동향
2116147474,1144012700,마포구 ,OWNER,월세,원룸,33,4/4,즉시입주 전용넓은 분리형 풀옵션 초역세권 DMC초근접 도보출퇴근,21.06.22.,"2,000",60,"['15년이내', '융자금없는', '역세권']",로얄공인중개사사무소,동향
2116202952,1144010100,마포구 ,OWNER,월세,원룸,70,3/4,"아현역 3분, 깨끗하고 넓음 ,올수리 풀옵션,즉시입주가능, 접근성최고",21.06.22.,"1,000",60,"['25년이내', '융자금없는', '올수리', '역세권']",파트너공인중개사사무소,남향
2116124070,1144010800,마포구 ,OWNER,월세,원룸,23,저/3,풀옵션올수리ㅣ해잘드는분리형원룸ㅣ 이대도보편리ㅣ 즉시입주가능,21.06.22.,"1,000",50,"['융자금없는', '올수리', '역세권']",이대자이랜드(3274-1999)공인중개사사무소,남서향
2115371121,1144010100,마포구 ,SITE,월세,원룸,29,고/5,"아현역,충정로역5분, 베란다있는 넓은 신축원룸,주차가",21.06.14.,"1,000",75,"['융자금없는', '역세권', '소형평수']",소망공인중개사사무소,남향
2116050369,1144012300,마포구 ,OWNER,월세,원룸,19,3/4,역세권 풀옵션 동향 채광굿 깨끗함,21.06.21.,500,45,"['25년이내', '융자금없는', '소형평수', '방한개']",금풍공인중개사,남동향
2115981571,1144011000,마포구 ,NDOC1,월세,원룸,19,2/5,전세자금대출가능 즉시입주 ,21.06.21.,"2,000",30,"['25년이내', '융자금없는', '역세권']",신촌우리공인중개사사무소,남서향
2116050632,1144011100,마포구 ,OWNER,월세,원룸,20,3/5,입주협의 6.7월가능 깨끗합니다.,21.06.21.,"4,000",40,"['15년이내', '융자금없는', '역세권', '화장실한개']",현대아이파크공인중개사사무소,북서향
2116070629,1144011100,마포구 ,OWNER,월세,원룸,16,3/5,NaN,21.06.21.,"1,000",50,"['15년이내', '융자금없는', '역세권']",현대아이파크공인중개사사무소,남동향
2116070070,1144011100,마포구 ,OWNER,월세,원룸,26,4/5,역세권 풀옵션 위치좋은 다세대원룸,21.06.21.,"5,500",28,"['25년이내', '융자금없는', '역세권', '화장실한개']",현대아이파크공인중개사사무소,동향
2116054758,1144012500,마포구 ,OWNER,월세,원룸,25,3/3,역세권 옥탑방1개 부억 화장실 남향채광굿 깨끗함,21.06.21.,300,35,"['25년이내', '융자금없는', '역세권', '소형평수']",금풍공인중개사,남향
2116183111,1144011500,마포구 ,OWNER,월세,원룸,20,2/4,공실 상수역3분 2008년준공 깨끗한 풀옵션 원룸,21.06.22.,"1,000",50,"['15년이내', '융자금없는', '역세권', '화장실한개']",대신공인중개사사무소,서향
2116070841,1144011100,마포구 ,OWNER,월세,원룸,28,4/5,올수리 배렌다 있고 초 역세권 남향 먼저 선점 하세요,21.06.21.,"3,000",80,"['25년이내', '융자금없는', '올수리']",현대아이파크공인중개사사무소,남향
2116100331,1144010400,마포구 ,OWNER,월세,원룸,26,2/2,2층전체 풀옵션  남향,21.06.21.,"1,000",40,"['25년이내', '융자금없는', '역세권']",한일공인중개사,남향
2116063288,1144011100,마포구 ,OWNER,월세,원룸,28,2/4,신축후 첫 입주이며 풀옵션이며 전용넓음,21.06.21.,"1,000",70,"['2년이내', '융자금없는', '소형평수']",경기공인,동향
2116061631,1144011100,마포구 ,OWNER,월세,원룸,20,2/4,신축후 첫 입주 하는 풀옵션 원룸입니다,21.06.21.,"1,000",60,"['2년이내', '융자금없는', '소형평수']",경기공인,동향
2116097098,1144010800,마포구 ,OWNER,월세,원룸,31,2/2,"분리형의 풀옵션,방큼,2층,주차됨,대흥초역세권,날짜협의",21.06.21.,"2,000",53,"['25년이상', '융자금없는', '역세권']",자타(713-9100)공인중개사사무소,남서향
2115875509,1144010400,마포구 ,MOBL,월세,원룸,34,고/5,NaN,21.06.18.,"1,000",75,"['25년이내', '융자금없는', '역세권']",우방공인중개사사무소,남향
2115868465,1144011000,마포구 ,MOBL,월세,원룸,29,6/6,노고산동 신축급 풀옵션 복층형 원룸 채광최고  빠른입주가능,21.06.18.,"1,000",80,"['4년이내', '융자금없는', '역세권']",홍대하늘공인중개사사무소,남향
2115943055,1144010800,마포구 ,OWNER,월세,원룸,67,4/4,"대흥역 1분,풀옵션,즉시입주, 깨끗하게 도배되어있는원룸",21.06.19.,500,45,"['25년이내', '융자금없는', '역세권', '방한개']",SK온(701-3113)공인중개사사무소,남향
2115015079,1144012000,마포구 ,SITE,월세,원룸,27,4/5,망원역세권 전용넓은 풀옵션 원룸,21.06.10.,"1억 5,200",10,"['15년이내', '융자금없는', '역세권']",키움공인중개사사무소,남서향
2115027868,1144012200,마포구 ,SITE,월세,원룸,34,3/4,합정역도보5분거리.1천만에65만.2천에60만등 주차가능. 풀옵션,21.06.10.,"2,000",60,"['15년이내', '융자금없는', '역세권']",거북공인중개사사무소,동향
2115817423,1144011000,마포구 ,NDOC1,월세,원룸,27,2/5,숲길공원가 공원뷰 깔끔한 리모델링방 채광도굿,21.06.18.,"2,000",65,"['25년이내', '융자금없는', '역세권']",신촌우리공인중개사사무소,남서향
2115011519,1144012000,마포구 ,SITE,월세,원룸,23,3/5,망원역세권 깨끗한 풀옵션 원룸,21.06.10.,500,50,"['10년이내', '융자금없는', '역세권']",키움공인중개사사무소,남동향
2115817418,1144011000,마포구 ,NDOC1,월세,원룸,19,4/5,숲길공원가 풀옵션방 리모델링방 입주협의,21.06.18.,"1,000",50,"['25년이내', '융자금없는', '역세권']",신촌우리공인중개사사무소,남동향
2115652947,1144011100,마포구 ,MOBL,월세,원룸,24,3/5,"분리형,풀옵션,내외부상태깔끔하고 광흥창역5분,광성중고등학교옆",21.06.16.,"4,000",40,"['15년이내', '융자금없는', '역세권', '화장실한개']",자타(713-9100)공인중개사사무소,북서향
2115473382,1144010700,마포구 ,MOBL,월세,원룸,13,1/3,NaN,21.06.15.,500,40,"['10년이내', '융자금없는', '역세권']",우방공인중개사사무소,북향
2115476016,1144010400,마포구 ,MOBL,월세,원룸,26,3/5,NaN,21.06.15.,"1,000",70,"['25년이내', '융자금없는', '역세권']",우방공인중개사사무소,남향
2115503487,1144011000,마포구 ,MOBL,월세,원룸,23,5/7,"신축급,분리형넓은원룸.2호선신촌역도보3분 엘베 위치 보안관리최고",21.06.15.,"1,000",70,"['융자금없는', '역세권', '소형평수']",대명공인중개사사무소,남동향
2115770758,1144011100,마포구 ,OWNER,월세,원룸,29,3/5,NaN,21.06.17.,"3,000",80,"['15년이내', '융자금없는', '역세권']",현대아이파크공인중개사사무소,남향
2115847184,1144010500,마포구 ,OWNER,월세,원룸,25,2/4,"풀옵션,즉시사용가능,   주차가능",21.06.18.,"1,000",50,"['융자금없는', '역세권', '소형평수']",중앙(703-0024)공인중개사사무소,남동향
2114899348,1144011100,마포구 ,SITE,월세,원룸,28,3/5,보증금 조절가능. 올리모델링 배렌다 있음.,21.06.09.,"3,000",80,"['25년이내', '융자금없는', '역세권']",현대아이파크공인중개사사무소,남향
2115753276,1144012300,마포구 ,OWNER,월세,원룸,23,2/4,즉시입주가능초역세권 신축4년 풀옵션 남향채광굿 깔끔함,21.06.17.,"1,000",45,"['10년이내', '융자금없는', '역세권']",금풍공인중개사,남향
2115018984,1144012000,마포구 ,SITE,월세,원룸,33,고/3,경의선숲길 홍대근처 월세저렴 넓은원룸,21.06.10.,"1,000",60,"['25년이상', '융자금없는', '역세권']",효성해링턴 공인중개사사무소,남동향
2115680370,1144012300,마포구 ,OWNER,월세,원룸,36,-1/3,넓은방.넓은주방 분리형구조,21.06.16.,500,45,"['25년이상', '융자금없는', '화장실한개']",마포우리공인중개사사무소,북서향
2115627557,1144012700,마포구 ,OWNER,월세,원룸,19,4/5,초역세권 채광 통풍좋은 깔끔한 풀옵션 원룸 즉시입주,21.06.16.,500,47,"['15년이내', '융자금없는', '역세권']",탑공인중개사사무소,남동향
2114523870,1144012100,마포구 ,SITE,월세,원룸,73,11/18,홍대입구역 초역세권 오피스텔,21.06.09.,"1,000",75,"['25년이내', '융자금없는', '역세권']",효성해링턴 공인중개사사무소,남동향
2115620461,1144011200,마포구 ,OWNER,월세,원룸,26,고/31,원룸 한강뷰최상 풀옵션 2천85가능,21.06.16.,"1,000",90,"['10년이내', '융자금적은', '소형평수']",나라공인중개사사무소,남서향
2115626924,1144012700,마포구 ,OWNER,월세,원룸,26,5/6,교통최상 2인거주가능 채광 통풍좋은 깔끔한 풀옵션 주차가능,21.06.16.,"1,000",50,"['10년이내', '융자금없는', '역세권']",탑공인중개사사무소,남서향
2116058729,1144012300,마포구 ,DOCV2,월세,원룸,19,3/3,NaN,21.06.21.,"1,000",40,"['15년이내', '융자금없는', '역세권', '화장실한개']",리빙공인중개사사무소,남서향
2115634108,1144011100,마포구 ,NDOC1,월세,원룸,18,2/6,서강대길건너 인기 짱좋은 풀옵션 즉시입주가능,21.06.16.,"1,000",55,"['10년이내', '융자금없는', '역세권']",신촌우리공인중개사사무소,남동향
2115627933,1144011000,마포구 ,OWNER,월세,원룸,67,7/8,신촌역 초역세권 베란다 있는 넓은 원룸,21.06.16.,"1,000",68,"['25년이내', '융자금없는', '역세권']",OK공인중개사사무소,남향
2115502380,1144012500,마포구 ,OWNER,월세,원룸,23,5/5,역세권 풀옵션 엘리베이타 정남향채광좋고 조망권굿  깨끗함,21.06.15.,"1,000",40,"['25년이내', '융자금없는', '역세권', '소형평수']",금풍공인중개사,남향
2115574804,1144011000,마포구 ,OWNER,월세,원룸,24,4/5,전철역5분거리 올리모델링됨 남향 채광굿,21.06.15.,"2,000",65,"['융자금없는', '역세권', '화장실한개']",현대공인중개사사무소,남향
2115589817,1144011000,마포구 ,OWNER,월세,원룸,29,6/6,역3분 이쁜복층형 풀옵션방 2018년준공 엘리베이터유 보증금1000가능,21.06.15.,"5,000",60,"['4년이내', '융자금없는', '역세권']",신촌우리공인중개사사무소,남서향
2115534796,1144011300,마포구 ,OWNER,월세,원룸,20,저/4,광흥창역세권 서강대교옆 서강자이입구 풀옵션원룸 주차가능,21.06.15.,"1,000",45,"['25년이내', '융자금없는', '역세권', '화장실한개']",대신공인중개사사무소,남향
2115533487,1144012700,마포구 ,OWNER,월세,원룸,18,4/4,"즉시입주 풀옵션 초역세권 도보출퇴근 CJ,MBC초근접",21.06.15.,500,47,"['15년이내', '융자금없는', '역세권']",로얄공인중개사사무소,북동향
2114443096,1144012300,마포구 ,SITE,월세,원룸,25,5/5,준공2014년 오픈형원룸  풀옵션  즉시입주가능  엘리베이터는 없어요,21.06.07.,"1,000",50,"['10년이내', '융자금없는', '역세권']",호박공인중개사사무소,북동향
2114504461,1144012200,마포구 ,SITE,월세,원룸,23,고/5,반전세 보증금 상향가능한 넓은 테라스 합정 망원역세권 망리단길 풀옵 원룸,21.06.07.,"2,000",70,"['10년이내', '융자금없는', '테라스']",효성해링턴 공인중개사사무소,남동향
2115916961,1144011100,마포구 ,DOCV2,월세,원룸,27,3/5,즉시입주가능한 원룸 입니다.전세가능,21.06.21.,"2,000",65,"['융자금없는', '역세권', '화장실한개']",거북이부동산공인중개사사무소,남동향
2114512141,1144012200,마포구 ,SITE,월세,원룸,33,2/5,보증금 대출가능한 투룸,21.06.07.,"3,000",85,"['10년이내', '융자금없는', '화장실한개']",효성해링턴 공인중개사사무소,남동향
2114504134,1144012200,마포구 ,SITE,월세,원룸,23,4/5,합정 망원역세권 망리단길 풀옵 원룸,21.06.07.,"1,000",65,"['10년이내', '융자금없는', '화장실한개']",효성해링턴 공인중개사사무소,남동향
2115417303,1144010800,마포구 ,OWNER,월세,원룸,26,2/3,"대흥역3분.신축.큰방,거실있는 2층분리형입니다.",21.06.14.,"2,000",70,"['2년이내', '융자금없는', '역세권']",한솔공인중개사사무소,남동향
2115577647,1144012000,마포구 ,OWNER,월세,원룸,24,2/5,홍대 인근에 가성비 좋은 전용 넓은 원룸 입니다.,21.06.15.,"1,000",55,"['25년이내', '융자금없는', '역세권']",동진공인중개사사무소,남향
2115576335,1144012000,마포구 ,OWNER,월세,원룸,35,3/5,"넓은 원룸 , 풀옵션 , 홍대입구역 6분 , 즉시입주가능",21.06.15.,"2,000",60,"['25년이내', '융자금없는', '역세권']",이룸공인중개사사무소,남동향
2115425321,1144011100,마포구 ,OWNER,월세,원룸,29,2/4,"대흥역5분,깔끔하고 전용넓은 풀옵션,8월말 입주협의",21.06.14.,"2,000",50,"['융자금없는', '역세권', '소형평수', '방한개']",원앤탑공인중개사사무소,남동향
2115392184,1144011400,마포구 ,OWNER,월세,원룸,33,3/5,교통편리하고전용넓은방,21.06.14.,"1,000",60,"['25년이상', '융자금없는', '역세권', '화장실한개']",까치공인중개사,동향
2115392682,1144011400,마포구 ,OWNER,월세,원룸,23,2/4,보증조정가능 입주하시,21.06.14.,"1,000",50,"['25년이상', '융자금없는', '역세권']",까치공인중개사,남향
2115391806,1144011400,마포구 ,OWNER,월세,원룸,26,2/5,전용넓은원룸,21.06.14.,500,55,"['25년이상', '융자금없는', '역세권', '화장실한개']",까치공인중개사,남향
2115393178,1144011400,마포구 ,OWNER,월세,원룸,23,1/4,전용넓은원룸,21.06.14.,500,50,"['25년이상', '융자금없는', '역세권']",까치공인중개사,남향
2115371595,1144011500,마포구 ,OWNER,월세,원룸,25,2/5,상수역 2분 초역세권 넓은 원룸 보증금조절 가능,21.06.14.,"1,000",50,"['15년이내', '융자금없는', '역세권']",마포탑공인중개사사무소,남향
2115649433,1144010800,마포구 ,MOBL,월세,원룸,33,3/3,"1.5룸분리형월세,2000만에30만부분월세가능",21.06.17.,500,50,"['25년이내', '융자금없는', '역세권', '화장실한개']",-,남향
2115285532,1144011100,마포구 ,OWNER,월세,원룸,29,3/5,전용과 베란다가 넓고 주차가능한 풀옵션 원룸임,21.06.12.,500,65,"['15년이내', '융자금없는', '역세권', '화장실한개']",경기공인,동향
2115304374,1144011100,마포구 ,OWNER,월세,원룸,17,2/5,신축후 첫입주하는 풀옵션 분리형원룸입니다,21.06.12.,"1,000",60,"['2년이내', '융자금없는', '역세권', '소형평수']",경기공인,동향
2115294867,1144011100,마포구 ,OWNER,월세,원룸,27,2/5,신축후 첫입하는 분리형 원룸입니다,21.06.12.,"2,000",70,"['2년이내', '융자금없는', '역세권', '화장실한개']",경기공인,서향
2116115536,1144012300,마포구 ,DOC,월세,원룸,26,3/6,초역세권 풀옵션 내부깔끔한강추원룸,21.06.22.,"1,000",60,"['10년이내', '융자금없는', '역세권', '화장실한개']",구청역공인중개사,남향
2116183412,1144012200,마포구 ,DOC,월세,원룸,33,4/5,넓은원룸 테라스 베란다 풀옵 즉시 주차,21.06.22.,"2,000",70,"['15년이내', '융자금없는', '테라스']",초록공인중개사사무소,북서향
2116122414,1144012300,마포구 ,DOC,월세,원룸,15,고/3,NaN,21.06.22.,"1,000",45,"['25년이상', '융자금적은', '역세권', '화장실한개']",유원공인중개사,북향
2116171070,1144012400,마포구 ,DOC,월세,원룸,28,3/4,연남동 메인 골목 올수리후 첫입주 넓은 원룸 월세 보증금조정가능,21.06.22.,"1,000",70,"['25년이내', '융자금없는', '올수리']",홍대코오롱공인중개사사무소,북동향
2116196838,1144012300,마포구 ,DOC,월세,원룸,15,3/5,NaN,21.06.22.,"2,000",35,"['15년이내', '융자금없는', '역세권', '소형평수']",유원공인중개사,남향
2116178950,1144012200,마포구 ,DOC,월세,원룸,28,-1/3,깊지 않은 반지층에 조용하고 전용넓은 원룸,21.06.22.,"5,000",30,"['25년이내', '융자금없는', '역세권', '소형평수']",행운공인중개사사무소,남향
2116188668,1144010200,마포구 ,DOC,월세,원룸,36,2/3,"넓은 분리형원룸,빠른입주,풀옵션",21.06.22.,"1,000",70,"['25년이상', '융자금적은', '소형평수', '방한개']",예스부동산공인중개사사무소,남동향
2116200853,1144010100,마포구 ,DOC,월세,원룸,54,5/5,"아현역 3분, 깨끗하고 넓음 ,즉시입주가능, 접근성최고",21.06.22.,"2,000",60,"['25년이내', '융자금없는', '역세권', '소형평수']",파트너공인중개사사무소,남향
2116163343,1144012000,마포구 ,DOC,월세,원룸,17,1/4,"저렴한 월세,2층, 깔끔한 시설",21.06.22.,500,43,"['15년이내', '융자금없는', '1층']",부동산톡공인중개사사무소,남서향
2116115909,1144011100,마포구 ,DOC,월세,원룸,27,저/2,대흥역 도보5분 역세권 분리형원룸 가성비 좋음 풀옵션,21.06.22.,300,30,"['융자금없는', '역세권', '소형평수', '방한개']",부동산114공인중개사사무소,남동향
2116107760,1144011100,마포구 ,DOC,월세,원룸,21,5/9,서강대학교남문 바로앞 깔끔한 풀옵션방 채광전망굿 대로위치  ,21.06.22.,"2,000",67,"['15년이내', '융자금없는', '역세권']",신촌우리공인중개사사무소,북동향
2116103128,1144011100,마포구 ,DOC,월세,원룸,19,3/9,서강대학교남문 바로앞 깔끔한 풀옵션방 채광전망굿 대로위치  ,21.06.22.,"1,000",60,"['15년이내', '융자금없는', '역세권']",신촌우리공인중개사사무소,남서향
2115238968,1144010400,마포구 ,OWNER,월세,원룸,26,2/3,풀옵션  초역세권,21.06.11.,"1,000",30,"['25년이상', '융자금없는', '역세권', '화장실한개']",한일공인중개사,남서향
2115152191,1144012500,마포구 ,OWNER,월세,원룸,18,4/5,"망원우체국사거리 망원역 가깝고, EV, 주차가능 원룸",21.06.11.,"1,000",49,"['10년이내', '융자금없는', '역세권', '화장실한개']",명성공인중개사사무소,북서향
2115189281,1144011100,마포구 ,OWNER,월세,원룸,20,2/5,신축 첫입주  광흥창역 대흥역 5분 넓고 깨씃한 풀옵션 원룸 엘레유,21.06.11.,"1,000",60,"['2년이내', '융자금없는', '화장실한개', '소형평수']",대신공인중개사사무소,동향
2114434048,1144011400,마포구 ,SITE,월세,원룸,30,중/4,풀옵션 정남향 밝고 전용 넓은 분리형 원룸,21.06.04.,"1,000",62,"['25년이내', '융자금없는', '역세권']",효성해링턴 공인중개사사무소,남서향
2115176506,1144012700,마포구 ,OWNER,월세,원룸,26,3/6,"전용넓은 엘베유 주민센터인근 풀옵션 MBC,YTN초근접",21.06.11.,"1,000",60,"['25년이내', '융자금없는', '역세권']",로얄공인중개사사무소,남서향
2114433426,1144011400,마포구 ,SITE,월세,원룸,31,중/4,건조기까지 있는 풀옵션 신축급 분리형 원룸,21.06.04.,"1,500",65,"['25년이내', '융자금없는', '역세권']",효성해링턴 공인중개사사무소,남서향
2115175516,1144012400,마포구 ,OWNER,월세,원룸,33,-1/2,연남동 단독1층 반전세 원룸 입니다.,21.06.11.,"5,000",10,"['25년이상', '융자금없는', '소형평수']",동진공인중개사사무소,남향
2114223260,1144010400,마포구 ,SITE,월세,원룸,13,1/3,NaN,21.06.03.,"1,000",40,"['15년이내', '융자금적은', '역세권']",행복드림공인중개사사무소,동향
2114148433,1144012400,마포구 ,SITE,월세,원룸,24,중/4,주변 공원 호텔급 풀옵 원룸,21.06.04.,"1,000",60,"['4년이내', '융자금없는', '화장실한개']",효성해링턴 공인중개사사무소,남동향
2115164419,1144012700,마포구 ,OWNER,월세,원룸,31,3/6,풀옵션 올수리 전용8 DMC단지근거리위치,21.06.11.,"1,000",60,"['25년이내', '융자금없는', '올수리', '역세권']",상암DMC공인중개사사무소,남향
2116026351,1144012300,마포구 ,DOC,월세,원룸,16,3/4,한강공원 신축급 풀옵원룸 저렴한월세 5월협의,21.06.21.,500,50,"['4년이내', '융자금없는', '화장실한개']",초록공인중개사사무소,남향
2116057719,1144010400,마포구 ,DOC,월세,원룸,49,고/22,"마포역3분 공덕역5분 ,첫입주 ,풀옵션오피스텔 입주협의",21.06.21.,"1,000",95,"['융자금없는', '역세권', '화장실한개']",SK온(701-3113)공인중개사사무소,북서향
2116045467,1144012400,마포구 ,DOC,월세,원룸,33,5/5,전망좋은 테라스 신축 풀옵션원룸 바로 계약할집,21.06.21.,"2,000",80,"['2년이내', '융자금없는', '테라스']",SM공인중개사사무소,남향
2116027035,1144012200,마포구 ,DOC,월세,원룸,23,2/3,풀옵원룸 착한임대인 즉시,21.06.21.,300,45,"['25년이상', '융자금없는', '화장실한개', '소형평수']",초록공인중개사사무소,남서향
2116062098,1144012700,마포구 ,DOC,월세,원룸,49,4/4,엘리베이터 주차장 대로변 거실구비 2008년식,21.06.21.,"3,000",80,"['15년이내', '융자금없는', '역세권']",소망공인중개사사무소,북동향
2116126280,1144011500,마포구 ,DOC,월세,원룸,23,2/6,상수역 인근 바로 입주 가능한 원룸,21.06.22.,"1,000",65,"['25년이내', '융자금없는', '역세권', '소형평수']",강남에이스공인중개사사무소,남향
2116047145,1144012700,마포구 ,DOC,월세,원룸,25,4/5,월세부담저렴한 풀옵션 원룸,21.06.21.,"3,000",40,"['10년이내', '융자금없는', '역세권']",연일공인중개사,북동향
2116134656,1144011500,마포구 ,DOC,월세,원룸,20,2/6,"상수역 도보 3분 거리, 대로변, 풀옵션 원룸, 엘레베이터 설치",21.06.22.,"1,000",45,"['25년이내', '융자금적은', '역세권', '화장실한개']",(주)위더스리얼티부동산중개법인,북서향
2116119806,1144012000,마포구 ,DOC,월세,원룸,50,4/4,"2호선 홍대역 초역세권, 베란다까지 포함된 평수넓은 원룸 강추입니다",21.06.22.,"1,000",60,"['15년이내', '융자금없는', '역세권']",JOY공인중개사사무소,남서향
2115978045,1144011000,마포구 ,DOC,월세,원룸,24,3/5,역3분거리 평지 완전풀옵션방 빠른입주도협의가능 은행전세대출가능,21.06.21.,"8,000",15,"['25년이내', '융자금없는', '역세권']",신촌우리공인중개사사무소,남서향
2115981353,1144011000,마포구 ,DOC,월세,원룸,27,4/5,전세자금대출가능 즉시입주 풀옵션,21.06.21.,"4,000",30,"['25년이내', '융자금없는', '역세권', '화장실한개']",신촌우리공인중개사사무소,남동향
2116013609,1144012200,마포구 ,DOC,월세,원룸,26,3/5,분리형 신축 합정 망원 첫입주 풀옵션,21.06.21.,"1,000",70,"['2년이내', '융자금없는', '역세권', '소형평수']",레트로부동산공인중개사사무소,남동향
2115601415,1144012500,마포구 ,DOCV2,월세,원룸,32,중/3,홍대역에서 도보 10분거리 원룸다가구입니다,21.06.16.,"5,000",35,"['25년이상', '융자금없는', '화장실한개']",삼흥공인중개사사무소,남서향
2115963373,1144010800,마포구 ,DOC,월세,원룸,19,3/4,신축3년형 초저렴원룸 풀옵션 즉시입주가능,21.06.21.,300,40,"['4년이내', '융자금없는', '역세권', '화장실한개']",이대명품공인중개사사무소,남향
2115981080,1144011000,마포구 ,DOC,월세,원룸,23,2/5,전세자금대출가능 즉시입주 풀옵션 실방사진 보증금500부터 가능,21.06.21.,"2,000",30,"['25년이내', '융자금없는', '역세권']",신촌우리공인중개사사무소,남동향
2116001868,1144012300,마포구 ,DOC,월세,원룸,18,2/5,"풀옵션,분리형원룸,주차가능,현재공실",21.06.21.,"1,000",45,"['10년이내', '융자금없는', '화장실한개']",엘지공인중개사사무소,남동향
2116024448,1144012200,마포구 ,DOC,월세,원룸,43,고/5,신축급 넓은거실 분리형원룸 풀옵 주차엘베 즉시,21.06.21.,"2,000",95,"['10년이내', '융자금없는', '소형평수']",초록공인중개사사무소,북서향
2116013033,1144012400,마포구 ,DOC,월세,원룸,31,1/4,홍대역세권 풀옵션원룸,21.06.21.,"1,000",55,"['25년이내', '융자금없는', '역세권']",하나공인중개사,동향
2116012987,1144010200,마포구 ,DOC,월세,원룸,25,고/4,"풀옵션,공덕역세권,입주협의",21.06.21.,"3,000",52,"['4년이내', '융자금없는', '역세권', '소형평수']",예스공인중개사사무소,남동향
2116023779,1144012200,마포구 ,DOC,월세,원룸,21,5/5,역세권 신축급 넓은원룸 남향 엘유주차가 즉시,21.06.21.,"1,000",68,"['10년이내', '융자금없는', '소형평수']",초록공인중개사사무소,남향
2116008167,1144012200,마포구 ,DOC,월세,원룸,24,중/5,합정동 분리형원룸 풀옵션,21.06.21.,"2,000",60,"['15년이내', '융자금없는', '화장실한개']",대림일등공인중개사,남향
2115970379,1144012000,마포구 ,DOC,월세,원룸,28,1/3,홍대정문앞 내부상태 좋은 넓은원룸주차가능,21.06.21.,"1,000",65,"['25년이내', '융자금없는', '역세권']",수부동산공인중개사사무소,북동향
2116070091,1144012300,마포구 ,DOC,월세,원룸,41,7/14,거실 넓은 분리형 원룸 아파트,21.06.21.,"5,000",80,"['2년이내', '융자금없는', '소형평수']",마포ok공인중개사,남서향
2115184490,1144010400,마포구 ,OWNER,월세,원룸,57,2/4,즉시입주가능. 깨끗하고 안전한 풀옵션 원룸,21.06.11.,"1,000",50,"['10년이내', '융자금적은', '역세권']",집스부동산중개주식회사(Zeeps),남향
2115227296,1144011400,마포구 ,OWNER,월세,원룸,17,2/4,신촌역세권 조용한 주택가 풀옵션원룸 즉시입주 가능,21.06.11.,500,50,"['25년이내', '융자금없는', '역세권']",해동공인중개사,동향
2115144069,1144010400,마포구 ,OWNER,월세,원룸,82,2/4,"역세권도보5분, 풀옵션, 채광좋음, 주차가능",21.06.10.,"1,000",50,"['25년이내', '융자금없는', '역세권']",구민중개인사무소,남향
2116070734,1144012400,마포구 ,DOC,월세,원룸,23,3/5,연남동 미로길 풀옵션 원룸 보안 컨디션 완벽,21.06.21.,"1,000",80,"['10년이내', '융자금없는', '역세권']",빌드윅스부동산공인중개사사무소,동향
2115144326,1144010400,마포구 ,OWNER,월세,원룸,69,중/3,"마포역도보4분, 풀옵션, 내부좋음, 월세저렴",21.06.10.,"1,000",40,"['25년이상', '융자금없는', '역세권']",구민중개인사무소,동향
2116071410,1144012400,마포구 ,DOC,월세,원룸,19,3/5,NaN,21.06.21.,"1,000",65,"['10년이내', '융자금없는', '역세권']",빌드윅스부동산공인중개사사무소,동향
2115139437,1144012700,마포구 ,OWNER,월세,원룸,22,2/5,상암동 주거지역 조용한 풀옵션 원룸입니다.,21.06.10.,500,45,"['10년이내', '융자금없는', '역세권']",휴먼시아공인,북동향
2115137938,1144011100,마포구 ,OWNER,월세,원룸,58,2/3,NaN,21.06.10.,"1,000",50,"['10년이내', '융자금없는', '역세권', '화장실한개']",마라톤부동산공인중개사사무소,동향
2114177760,1144012200,마포구 ,SITE,월세,원룸,36,-1/2,합정역세권 전용 넓고 보증금 월세저렴한 원룸,21.06.02.,500,40,"['25년이상', '융자금없는', '역세권']",효성해링턴 공인중개사사무소,남서향
2114152452,1144010800,마포구 ,SITE,월세,원룸,18,2/4,푸롭션 즉시입주가능 300에40도가능,21.06.02.,"4,000",20,"['융자금없는', '역세권', '화장실한개']",이대명품공인중개사사무소,남향
2114152723,1144010800,마포구 ,SITE,월세,원룸,26,4/5,이대역1분 풀옵션 대형 원룸 즉시입주가능,21.06.02.,500,50,"['25년이상', '융자금없는', '역세권']",이대명품공인중개사사무소,남서향
2114152637,1144010800,마포구 ,SITE,월세,원룸,23,1/3,신축급 풀옵션 주방분리형 즉시입주가능,21.06.02.,500,45,"['4년이내', '융자금없는', '역세권']",이대명품공인중개사사무소,동향
2114142792,1144010800,마포구 ,SITE,월세,원룸,23,-1/5, 풀옵션 서강대생강추 이대역5분거리  서강대4분,21.06.02.,300,25,"['25년이상', '융자금없는', '역세권']",이대명품공인중개사사무소,서향
2114153939,1144010900,마포구 ,SITE,월세,원룸,19,-1/3,풀옵션 저렴원룸  주방분리형,21.06.02.,500,30,"['25년이상', '융자금없는', '역세권']",이대명품공인중개사사무소,북향
2115063985,1144010800,마포구 ,OWNER,월세,원룸,67,4/4,"대흥역1분,풀옵션 원룸,환하고 깔끔,빠른입주가능",21.06.10.,500,45,"['25년이내', '융자금없는', '역세권', '방한개']",카카오공인중개사사무소,남향
2114117191,1144010900,마포구 ,SITE,월세,원룸,20,2/2,이대역 도보3분 2층 풀옵션 원룸 가성비양호.,21.06.02.,500,45,"['융자금없는', '역세권', '화장실한개']",이대명품공인중개사사무소,남향
2114145429,1144010800,마포구 ,SITE,월세,원룸,23,-1/5,최근수리완료 저렴 풀옵션 즉시입주가능,21.06.02.,500,30,"['25년이상', '융자금없는', '역세권']",이대명품공인중개사사무소,동향
2115110101,1144010800,마포구 ,OWNER,월세,원룸,67,4/4,대흥역1분 통원룸 풀옵션 채광 굿 빠른입주가능,21.06.10.,500,45,"['25년이내', '융자금없는', '역세권']",대벌공인중개사사무소,남향
2115975699,1144012300,마포구 ,DOC,월세,원룸,33,중/4,준신축연예인살던건물화이트원톤,21.06.21.,"2,000",70,"['2년이내', '융자금없는', '화장실한개']",주식회사집토스부동산중개(분사무소),북향
2115548403,1144011000,마포구 ,MOBL,월세,원룸,21,5/7,신축급.2호선신촌역도보3분 엘베있고 풀옵션 깔끔 위치 보안 안전관리최고,21.06.15.,"1,000",60,"['융자금없는', '역세권', '소형평수']",대명공인중개사사무소,남서향
2116077603,1144011000,마포구 ,DOC,월세,원룸,26,2/2,"신촌역6분,샷시까지 올수리한 2룸,풀옵션,빠른입주가능",21.06.21.,"1,000",55,"['25년이상', '융자금없는', '올수리']",카카오공인중개사사무소,남동향
2116036293,1144012300,마포구 ,DOC,월세,원룸,24,3/3,"J 망원역 도보6분, 즉시입주 , 언제든 볼 수 있어요",21.06.21.,"1,000",45,"['25년이내', '융자금없는', '역세권', '소형평수']",좋은집공인중개사사무소,남향
2115926323,1144011100,마포구 ,DOC,월세,원룸,28,중/8,"대흥역 초 역세권 복층 오피스텔,즉시입주,풀옵션,내부깔끔",21.06.21.,"1,000",65,"['15년이내', '융자금없는', '역세권']",집스부동산중개주식회사(Zeeps),남향
2115926322,1144011100,마포구 ,DOC,월세,원룸,30,고/9,"대흥역초역세권,깔끔한오피스텔,큰원룸,풀옵션",21.06.21.,"1,000",70,"['15년이내', '융자금없는', '역세권']",집스부동산중개주식회사(Zeeps),남향
2114986699,1144010900,마포구 ,OWNER,월세,원룸,30,2/2,이대역3분 깔끔한 풀옵션 투룸 각방 에어컨,21.06.09.,"1,000",80,"['25년이상', '융자금없는', '역세권']",OK공인중개사사무소,남서향
2114182892,1144010800,마포구 ,SITE,월세,원룸,40,-1/2,관리비 없고 월세 보증금 저렴한 투룸,21.06.02.,500,50,"['25년이상', '융자금없는', '역세권']",효성해링턴 공인중개사사무소,남동향
2114032929,1144011500,마포구 ,SITE,월세,원룸,28,고/6,"상수역 초 역세권 전용 넓은 폴옵 주소이전, 사업자 가능",21.06.01.,"1,000",55,"['25년이내', '융자금없는', '역세권']",효성해링턴 공인중개사사무소,남향
2114055843,1144011500,마포구 ,SITE,월세,원룸,24,2/6,상수역 초 역세권 월세 저렴 원룸,21.06.01.,"1,000",45,"['25년이내', '융자금없는', '역세권']",효성해링턴 공인중개사사무소,남향
2114058928,1144011500,마포구 ,SITE,월세,원룸,26,저/6,상수역 초 역세권 전용 넓은 폴옵 사무실가능,21.06.01.,"1,000",65,"['25년이내', '융자금없는', '역세권']",효성해링턴 공인중개사사무소,남향
2114997430,1144011100,마포구 ,OWNER,월세,원룸,29,-1/2,반지하이지만 남향이고햇볕잘들옵니다. 양쪽배란다 있습니다.대흥역 도보5분,21.06.09.,"1,000",50,"['25년이내', '융자금없는', '역세권', '화장실한개']",현대아이파크공인중개사사무소,남향
2115008539,1144011100,마포구 ,OWNER,월세,원룸,19,1/4,"초역세권,7월입주협의,주차가능",21.06.09.,"1,000",40,"['융자금없는', '역세권', '1층']",원앤탑공인중개사사무소,동향
2115008469,1144011100,마포구 ,OWNER,월세,원룸,18,4/5,"광흥창 초 역세권,입주협의. 주차가능",21.06.09.,"1,000",45,"['융자금없는', '역세권', '소형평수', '방한개']",원앤탑공인중개사사무소,남서향
2114831258,1144012400,마포구 ,OWNER,월세,원룸,21,2/5,홍대역 연트럴파크 깔끔한 풀옵션원룸 ,21.06.08.,"1,000",52,"['10년이내', '융자금없는', '화장실한개']",부동산1번지공인중개사사무소,남동향
2114970139,1144012500,마포구 ,OWNER,월세,원룸,36,4/7,NaN,21.06.09.,500,50,"['융자금없는', '역세권', '화장실한개']",마포우리공인중개사사무소,서향
2115447194,1144010800,마포구 ,DOCV2,월세,원룸,26,4/4,대흥역 1분 거리 4층 원룸 월세 ,21.06.14.,500,45,"['25년이내', '융자금없는', '역세권', '화장실한개']",리더스뷰공인중개사사무소,남향
2114792626,1144011100,마포구 ,OWNER,월세,원룸,23,2/5,신축 첫입주  광흥창역 대흥역 5분 넓고 깨씃한 풀옵션 원룸 엘레유,21.06.08.,"1,000",70,"['2년이내', '융자금없는', '화장실한개', '소형평수']",대신공인중개사사무소,동향
2115856678,1144010500,마포구 ,DOC,월세,원룸,43,2/3,마포역도보6분.채광굿.즉시입주가.,21.06.18.,"1,000",50,"['25년이내', '융자금없는', '역세권', '소형평수']",e편한중앙공인중개사사무소,남서향
2115884876,1144012300,마포구 ,DOC,월세,원룸,23,중/5,깔끔한원룸 풀옵션 최저가월세,21.06.18.,"1,000",40,"['15년이내', '융자금없는', '역세권', '화장실한개']",초록공인중개사사무소,남향
2115864362,1144012200,마포구 ,DOC,월세,원룸,26,2/4,신축첫입주 풀옵원룸 채광우수 즉시 사진유,21.06.18.,"1,000",68,"['25년이상', '융자금없는', '화장실한개']",초록공인중개사사무소,남향
2115857930,1144012000,마포구 ,DOC,월세,원룸,25,3/3,역세권 채광좋고 깨끗한 원룸,21.06.18.,"1,000",50,"['25년이상', '융자금적은', '역세권']",키움공인중개사사무소,남향
2115854556,1144012200,마포구 ,DOC,월세,원룸,33,2/4,합정역도보5분거리. 풀옵션. 주차가능. 입주일은 협의가능,21.06.18.,"3,000",42,"['25년이내', '융자금없는', '역세권', '화장실한개']",거북공인중개사사무소,남향
2115885630,1144012300,마포구 ,DOC,월세,원룸,23,중/5,깔끔한원룸 풀옵션 최저가월세,21.06.18.,"1,000",45,"['15년이내', '융자금없는', '역세권', '화장실한개']",초록공인중개사사무소,남향
2115910367,1144012700,마포구 ,DOC,월세,원룸,27,4/4,베란다유 전용넓은 풀옵션원룸 DMC도보출퇴근 역세권,21.06.18.,"1,000",55,"['10년이내', '융자금없는', '역세권']",로얄공인중개사사무소,남동향
2115878459,1144012200,마포구 ,DOC,월세,원룸,23,3/5,신축첫입주로 성산초 인근 거실겸주방 넓은 분리형 풀옵션 입니다.,21.06.18.,"1,000",70,"['2년이내', '융자금적은', '역세권']",유공인중개사사무소,남서향
2115889775,1144010200,마포구 ,DOC,월세,원룸,25,3/4,빠른입주 공덕초역세권 신축급풀옵션,21.06.18.,"3,000",52,"['4년이내', '융자금없는', '역세권', '소형평수']",광평공인중개사사무소,남동향
2115858802,1144012200,마포구 ,DOC,월세,원룸,33,저/3,5백만에 52만원가능. 분리형원룸. 주차가능. 빠른입주가능,21.06.18.,"1,000",50,"['25년이내', '융자금없는', '화장실한개', '소형평수']",거북공인중개사사무소,남향
2115854357,1144010200,마포구 ,DOC,월세,원룸,37,저/3,1 1 위치갑 대단지옆 풀옵션원룸,21.06.18.,"1,000",70,"['융자금없는', '소형평수', '방한개', '총3층']",광평공인중개사사무소,남동향
2115838614,1144012000,마포구 ,DOC,월세,원룸,22,-1/3,"홍대정문앞,저렴한 원룸,기본옵션",21.06.18.,"1,000",35,"['25년이내', '융자금없는', '역세권']",부동산톡공인중개사사무소,남향
2114774093,1144011100,마포구 ,OWNER,월세,원룸,55,-1/2,즉시입주가능한 저렴한 원룸,21.06.07.,300,30,"['융자금없는', '역세권', '소형평수', '방한개']",리버웰삼성공인,남향
2115827101,1144010800,마포구 ,DOC,월세,원룸,21,중/5,초역세권 신축급 엘베 풀옵션 주차가능,21.06.18.,"2,000",60,"['10년이내', '융자금없는', '역세권']",마포펜션공인중개사사무소,남동향
2114759651,1144010800,마포구 ,OWNER,월세,원룸,28,1/3,이대역5분 전용넓은 풀옵션원룸,21.06.07.,500,50,"['25년이상', '융자금없는', '역세권']",OK공인중개사사무소,남서향
2114712261,1144011100,마포구 ,OWNER,월세,원룸,19,1/3,"광흥창역5분,풀옵션 깨끗한 원룸",21.06.07.,500,45,"['융자금없는', '역세권', '1층', '소형평수']",원앤탑공인중개사사무소,남향
2114919570,1144010300,마포구 ,OWNER,월세,원룸,66,2/2,"공덕역 초역세권, 풀옵션 옥탑 원룸",21.06.08.,"1,000",45,"['25년이상', '융자금적은', '역세권']",집스부동산중개주식회사(Zeeps),남향
2115490164,1144012100,마포구 ,TEL,월세,원룸,182,4/5,"신촌역 , 홍대입구역경의중앙선 5분이내 경의선숲길 바로 옆 조용한 집",21.06.15.,500,45,"['25년이내', '융자금없는', '역세권']",-,북서향
2115886925,1144011000,마포구 ,DOC,월세,원룸,39,1/4,"주차가능, 방 큰 다세대 원룸",21.06.18.,"4,000",45,"['15년이내', '융자금없는', '역세권']",부동산파크공인,북서향
2114709075,1144010100,마포구 ,OWNER,월세,원룸,21,2/5,역세권 풀옵션 원룸 즉시입주가능,21.06.07.,500,35,"['25년이상', '융자금없는', '역세권']",단지앞성일공인중개사사무소,북동향
2114759470,1144010800,마포구 ,OWNER,월세,원룸,25,2/3,이대역7분 깔끔한 완전 풀옵션 분리형원룸,21.06.07.,"1,000",45,"['25년이상', '융자금없는', '역세권']",OK공인중개사사무소,남서향
2115778827,1144012200,마포구 ,DOC,월세,원룸,33,3/5,신축급 분리형원룸 풀옵션 주차가능,21.06.17.,"1,000",60,"['10년이내', '융자금없는', '화장실한개']",합정공인중개사사무소,서향
2115733744,1144012200,마포구 ,DOC,월세,원룸,26,중/6,초역세 넓은원룸 풀옵 6월중순 엘베유 보안주차 사진有,21.06.17.,"2,000",60,"['10년이내', '융자금없는', '역세권']",초록공인중개사사무소,남서향
2115776588,1144011400,마포구 ,DOC,월세,원룸,14,2/5,반려동물 가능한 원룸,21.06.17.,"1,000",50,"['25년이내', '융자금없는', '역세권']",청록공인중개사사무소,남서향
2115716560,1144011500,마포구 ,DOC,월세,원룸,24,2/3,상수역 홍대기숙사옆 리모델링 원룸,21.06.17.,"1,000",50,"['25년이내', '융자금적은', '역세권']",홍대엘공인중개사사무소,남향
2115801158,1144012000,마포구 ,DOC,월세,원룸,22,2/3,"아주 깔끔하고 저렴한 월세,풀옵션",21.06.17.,"1,000",40,"['25년이내', '융자금없는', '역세권', '소형평수']",부동산톡공인중개사사무소,북동향
2115799966,1144012000,마포구 ,DOC,월세,원룸,23,2/3,"깔끔,저렴한 월세,풀옵션,학생특별인하가능",21.06.17.,"1,000",53,"['25년이내', '융자금없는', '역세권']",부동산톡공인중개사사무소,북동향
2115784965,1144010400,마포구 ,DOC,월세,원룸,36,중/5,빠른입주 원해요,21.06.17.,"3,000",45,"['4년이내', '융자금없는', '역세권']",수공인중개사사무소,남동향
2115730996,1144012200,마포구 ,DOC,월세,원룸,22,3/5,풀옵션 깨끗한원룸 착한월세 즉시,21.06.17.,"1,000",47,"['10년이내', '융자금없는', '화장실한개']",초록공인중개사사무소,남서향
2115817159,1144012300,마포구 ,DOC,월세,원룸,50,1/1,"망원 역세권 5분미만, 월세 저렴한 조용한 주택가 풀옵션 원룸 공개",21.06.18.,"1,000",30,"['25년이상', '융자금없는', '역세권']",JOY공인중개사사무소,남동향
2115715856,1144011500,마포구 ,DOC,월세,원룸,28,2/3,상수역 홍대 기숙사옆 원룸,21.06.17.,"1,000",53,"['25년이내', '융자금적은', '역세권']",홍대엘공인중개사사무소,동향
2115716015,1144012100,마포구 ,DOC,월세,원룸,19,2/5,홍대역세권 5분이네 공실 분리형원룸,21.06.17.,"1,000",60,"['10년이내', '융자금없는', '역세권', '소형평수']",으뜸공인중개사사무소,남동향
2115716542,1144010900,마포구 ,DOC,월세,원룸,25,3/3,이대역 5분. 대로변 전용 분리형 원룸. 풀옵션 위치 짱,21.06.17.,"1,000",50,"['융자금없는', '역세권', '소형평수']",리더스(714-4800)공인중개사사무소,남향
2115692159,1144012000,마포구 ,DOC,월세,원룸,30,2/3,책거리공원 인근 저렴한원룸  관리비포함,21.06.17.,"1,000",45,"['25년이상', '융자금없는', '역세권', '화장실한개']",홍대하늘공인중개사사무소,북서향
2115710726,1144010800,마포구 ,DOC,월세,원룸,52,2/3,"대흥역 3분,풀옵션,신축,입주협의",21.06.17.,"1,000",50,"['융자금없는', '역세권', '소형평수', '방한개']",한솔공인중개사사무소,남동향
2115701893,1144012200,마포구 ,DOC,월세,원룸,28,1/3,깔끔한 원룸,21.06.17.,"5,000",30,"['25년이내', '융자금없는', '역세권']",홍대원 공인중개사사무소,북동향
2115733522,1144012400,마포구 ,DOC,월세,원룸,47,3/6,"주차가능,엘베,넓은베란다 넓은 원룸입니다. 홍대입구역2출 10분",21.06.17.,"5,000",57,"['25년이내', '융자금없는', '화장실한개']",라온 공인중개사사무소,북향
2115791188,1144012400,마포구 ,DOC,월세,원룸,26,1/3,NaN,21.06.17.,"1,000",60,"['10년이내', '융자금없는', '1층']",홍대제일공인중개사무소,서향
2115653189,1144010800,마포구 ,DOC,월세,원룸,61,고/15,NaN,21.06.16.,"1,000",55,"['25년이내', '융자금없는', '역세권']",세화공인중개사사무소,북향
2115628523,1144012700,마포구 ,DOC,월세,원룸,33,4/5,전망 채광 통풍 교통 최상 큰방1 베란다 풀옵션  주차 즉시입주,21.06.16.,"1,000",55,"['25년이내', '융자금없는', '역세권']",탑공인중개사사무소,남향
2115609114,1144010300,마포구 ,DOC,월세,원룸,88,고/9,공덕역 초역세권 전입되는 깨끗한 오피스텔,21.06.16.,"3,000",55,"['25년이내', '융자금없는', '역세권']",공덕오거리공인중개사사무소,서향
2115674417,1144012400,마포구 ,DOC,월세,원룸,19,2/4,신축급 풀옵션 원룸,21.06.16.,"1,000",60,"['4년이내', '융자금없는', '화장실한개', '소형평수']",자연공인중개사사무소,북서향
2115597828,1144011000,마포구 ,DOC,월세,원룸,18,6/8,역3분 엘리베이터있는 풀옵션방 즉시입주 보증금500가능 전세대출불가,21.06.16.,"6,000",10,"['10년이내', '융자금적은', '역세권']",신촌우리공인중개사사무소,북동향
2115596502,1144012100,마포구 ,DOC,월세,원룸,25,2/2,경의선 숲길공원부근 원룸 풀옵션 깔끔 청소완료 실방사진 보증금1000가능,21.06.16.,500,60,"['25년이상', '융자금없는', '역세권']",신촌우리공인중개사사무소,북향
2115597405,1144011000,마포구 ,DOC,월세,원룸,18,3/8,역3분 엘리베이터있는 풀옵션방 즉시입주 보증금6500까지가능 전세대출불가,21.06.16.,500,50,"['10년이내', '융자금적은', '역세권']",신촌우리공인중개사사무소,북동향
2115655577,1144012000,마포구 ,DOC,월세,원룸,23,저/3,예쁜 홍대 원룸 임대,21.06.16.,500,55,"['25년이상', '융자금없는', '화장실한개']",홍대사무실청춘공인중개사사무소,서향
2115695013,1144012200,마포구 ,DOC,월세,원룸,39,고/6,풀옵셥 복층형 오피스텔 전세대출가능 엘리베이터있음.,21.06.17.,"1억 1,000",20,"['25년이내', '융자금없는', '역세권']",거북공인중개사사무소,남향
2115691591,1144010800,마포구 ,DOC,월세,원룸,23,3/4,"더블역세권,풀옵션원룸,조용하고 깔끔,7월15일이후 입주가능",21.06.16.,"1,000",50,"['융자금없는', '역세권', '소형평수', '방한개']",카카오부동산공인중개사사무소,남서향
2115692036,1144012200,마포구 ,DOC,월세,원룸,50,6/7,NaN,21.06.17.,"1,000",65,"['25년이내', '융자금없는', '역세권']",JOY공인중개사사무소,남서향
2115650288,1144012700,마포구 ,DOC,월세,원룸,18,4/4,채광좋은남향 풀옵션 가성비최고 초역세권 DMC근접도보이용,21.06.16.,500,45,"['15년이내', '융자금없는', '역세권']",로얄공인중개사사무소,남향
2114620632,1144012500,마포구 ,OWNER,월세,원룸,23,3/5,주차1대 역세권 신축3년 풀옵션 남서향채광굿 깨끗함,21.06.05.,500,50,"['10년이내', '융자금없는', '역세권', '소형평수']",금풍공인중개사,남향
2113673098,1144012700,마포구 ,SITE,월세,원룸,20,4/5,지하철초역세권.안전한도로변.풀옵션.,21.05.28.,"1,000",47,"['15년이내', '융자금없는', '역세권']",연일공인중개사,남향
2115519519,1144012100,마포구 ,DOC,월세,원룸,39,5/6,홍대역세권 넓은원룸,21.06.15.,"1,000",70,"['25년이내', '융자금없는', '역세권']",으뜸공인중개사사무소,남서향
2115552781,1144011100,마포구 ,DOC,월세,원룸,30,1/2,대흥역7분 깔끔하게리모델링 넓은오픈형원룸에 작은방이 따로있어 활용하기좋음,21.06.15.,"1,000",65,"['25년이상', '융자금없는', '역세권']",토마토공인중개사사무소,북서향
2115680126,1144012200,마포구 ,DOC,월세,원룸,50,1/2,"망원과합정 사이에 위치, 평수넓은 분리형 풀옵션 1.5룸이 나왔습니다",21.06.16.,"1,000",50,"['25년이상', '융자금없는', '1층']",JOY공인중개사사무소,남서향
2115682213,1144012300,마포구 ,DOC,월세,원룸,50,4/5,6호선 망원역 초역세권 1분 심플한 구조의 풀옵션 원룸 강추입니다,21.06.16.,"1,000",55,"['10년이내', '융자금없는', '역세권']",JOY공인중개사사무소,남서향
2115602628,1144012100,마포구 ,DOC,월세,원룸,15,3/6,NaN,21.06.16.,"3,000",30,"['10년이내', '융자금없는', '역세권']",위너스부동산,북동향
2115589327,1144011000,마포구 ,DOC,월세,원룸,23,5/5,엘리베이터유 풀옵션방 코로나할인 주차가능 경의중앙선서강대역1분거리 ,21.06.15.,"1,000",45,"['25년이내', '융자금없는', '역세권']",신촌우리공인중개사사무소,남서향
2115691521,1144011000,마포구 ,DOC,월세,원룸,25,4/15," 최저가 임대료,초 역세권,기숙사형 원룸텔, 도배,LED교체",21.06.16.,300,25,"['15년이내', '융자금없는', '역세권']",석탑부동산공인중개사사무소,북향
2115684107,1144012200,마포구 ,DOC,월세,원룸,50,4/5,"상수역 초역세권 5분미만, 홍대,합정 입지적조건 최고, 풀옵션 1.5룸",21.06.16.,"1,000",45,"['10년이내', '융자금없는', '역세권']",JOY공인중개사사무소,남서향
2115547625,1144011400,마포구 ,DOC,월세,원룸,25,1/2,"분리형 구조,월세조정가능,시설깔끔",21.06.15.,"1,000",50,"['25년이상', '융자금없는', '마당']",부동산톡공인중개사사무소,남동향
2115568745,1144012300,마포구 ,DOC,월세,원룸,31,1/3,망원역세권 전용넓은 원룸,21.06.15.,"4,000",20,"['25년이내', '융자금없는', '역세권', '1층']",부동산명가,남향
2115670937,1144012200,마포구 ,DOC,월세,원룸,50,4/5,"망원합정 중심 입지조건 탁월, 채광 너무좋고, 조용한 분위기 풀옵션 원룸",21.06.16.,"1,000",50,"['15년이내', '융자금없는', '역세권']",JOY공인중개사사무소,남동향
2115583631,1144010900,마포구 ,DOC,월세,원룸,16,고/5,"T 701 1110. 신축 풀옵션 원룸 대흥역,공덕역 이용편리",21.06.15.,500,40,"['융자금없는', '역세권', '소형평수']",한샘단지내부동산공인중개사사무소,남서향
2115499046,1144010500,마포구 ,DOC,월세,원룸,10,고/5,고시원형원룸 저렴한가격 한강변근처 깨끗 마포역 대흥역 도보권,21.06.15.,300,20,"['융자금없는', '소형평수', '방한개']",다올공인중개사사무소,북향
2115552849,1144012300,마포구 ,DOC,월세,원룸,20,2/3,현공실 신축급 시세보다저렴 주변재래시장 생활환경좋아요,21.06.15.,500,48,"['15년이내', '융자금없는', '화장실한개', '소형평수']",마포공인중개사,남서향
2115672753,1144012200,마포구 ,DOC,월세,원룸,50,4/5,"망원과 합정 중심 입지조건 탁월, 조용한 분위기의 이쁜구조 풀옵션 원룸",21.06.16.,"1,000",50,"['15년이내', '융자금없는', '역세권']",JOY공인중개사사무소,남서향
2115660033,1144012300,마포구 ,DOC,월세,원룸,50,3/5,"망리단길에 위치, 조용하고, 깔끔한 인테리어의 풀옵션 원룸 추천",21.06.16.,"1,000",60,"['15년이내', '융자금없는', '역세권']",JOY공인중개사사무소,남서향
2115487539,1144012000,마포구 ,DOC,월세,원룸,33,-1/3,합정역세권 넓은 풀옵션 원룸,21.06.15.,300,55,"['25년이내', '융자금없는', '역세권']",GS공인중개사,남향
2115581162,1144011100,마포구 ,DOC,월세,원룸,19,1/3,"신축급풀옵션원룸, 대흥역 5분거리, 마포세무서뒤,관리비포함,빠른입주가능",21.06.15.,"1,000",60,"['2년이내', '융자금적은', '역세권']",토마토공인중개사사무소,남동향
2114624910,1144012300,마포구 ,OWNER,월세,원룸,16,3/4,역세권 빠른입주 원룸,21.06.05.,"1,000",35,"['25년이내', '융자금없는', '역세권']",마포우리공인중개사사무소,남향
2114496187,1144011400,마포구 ,OWNER,월세,원룸,26,3/4,"원룸으로 전용 넓음.빠른입주, 꺠끗하며 풀옵션의 원룸, 2호선 신촌역세권",21.06.04.,500,50,"['25년이상', '융자금없는', '역세권', '화장실한개']",스마일(단지내332-4949)공인중개사사무소,남서향
2114522464,1144012200,마포구 ,OWNER,월세,원룸,29,3/4,환하고 밝은 예쁜 원룸 1억 25만,21.06.04.,"1억 2,000",15,"['15년이내', '융자금없는', '화장실한개']",마포우리공인중개사사무소,서향
2116195607,1144011400,마포구 ,DOC,월세,원룸,23,2/5,NaN,21.06.22.,"1,000",45,"['25년이상', '융자금없는', '역세권']",홍대수부동산공인중개사사무소,남서향
2116175424,1144011500,마포구 ,DOC,월세,원룸,38,중/5,NaN,21.06.22.,"1,000",65,"['25년이내', '융자금없는', '역세권', '화장실한개']",두산위브공인,남향
2115498659,1144010800,마포구 ,DOC,월세,원룸,20,4/5,대흥역 도보1분 신축급 오픈형원룸 풀옵션 공실,21.06.15.,"1,000",55,"['10년이내', '융자금없는', '역세권']",다올공인중개사사무소,북서향
2115364756,1144012100,마포구 ,DOC,월세,원룸,40,1/3,전용넓은 원룸,21.06.14.,"2,000",53,"['25년이내', '융자금없는', '역세권']",하나공인중개사,동향
2115423720,1144012200,마포구 ,DOC,월세,원룸,23,4/5,같은건물의 좀 넓은방도 있어요. 2천만에45만원.3천만에40만,21.06.14.,"1,000",50,"['10년이내', '융자금적은', '역세권']",거북공인중개사사무소,동향
2115391302,1144011400,마포구 ,DOC,월세,원룸,23,3/5,대로변 .깨끗하게관리잘되는집,21.06.14.,"1,000",50,"['25년이내', '융자금없는', '역세권']",까치공인중개사,남서향
2115469527,1144012300,마포구 ,DOC,월세,원룸,39,1/3,NaN,21.06.14.,"2,000",75,"['25년이상', '융자금없는', '1층', '화장실한개']",유공인중개사사무소,남향
2113591134,1144012200,마포구 ,SITE,월세,원룸,29,-1/3,베란다 있고 깨끗한 원룸 즉시 입주가능,21.05.27.,"1,000",27,"['25년이내', '융자금없는', '역세권']",효성해링턴 공인중개사사무소,남서향
2115502205,1144012400,마포구 ,DOC,월세,원룸,45,1/3,전용 8  깨끗한원룸 관리잘되고 홍대역가까운곳  직장인들있어 조용함,21.06.15.,500,55,"['25년이내', '융자금없는', '역세권', '1층']",우리(단지내)힐스테이트공인중개사사무소,남동향
2115506484,1144012300,마포구 ,DOC,월세,원룸,96,3/4,역세권이며 조용해요 풀옵션  가성비굿,21.06.15.,"1,000",45,"['융자금없는', '역세권', '화장실한개']",대림공인중개사사무소,남향
2115369244,1144010800,마포구 ,DOC,월세,원룸,35,5/5,대흥동 넓은 원룸 저렴하고 귀한 몇개 없는 나만의 주거공간,21.06.14.,"1,000",65,"['2년이내', '융자금없는', '역세권', '소형평수']",주식회사어반부동산중개법인,남서향
2115334248,1144012000,마포구 ,DOC,월세,원룸,26,고/4,"홍대역인근 넓은원룸,베란다,무료주차",21.06.14.,"1,000",55,"['25년이내', '융자금없는', '역세권']",수부동산공인중개사사무소,남서향
2115388926,1144012000,마포구 ,DOC,월세,원룸,35,중/3,ㄷ자대형원룸베란다큰화장실분리된공간,21.06.14.,"1,000",55,"['25년이내', '융자금적은', '화장실한개']",주식회사집토스부동산중개(분사무소),북향
2115395754,1144011400,마포구 ,DOC,월세,원룸,23,4/5,리모델링올수리해 깨끗한집,21.06.14.,"1,000",50,"['25년이상', '융자금없는', '올수리']",까치공인중개사,남향
2115454120,1144012300,마포구 ,DOC,월세,원룸,44,3/4,마포구청역세권 전용넓은 오픈형 원룸,21.06.14.,"1,000",65,"['15년이내', '융자금없는', '역세권']",부동산어울림공인중개사사무소,남향
2115461406,1144012400,마포구 ,DOC,월세,원룸,25,2/5,하루 종일 채광 좋은 남향 원룸,21.06.14.,"1,000",73,"['10년이내', '융자금없는', '화장실한개']",SM공인중개사사무소,남서향
2115445596,1144012000,마포구 ,DOC,월세,원룸,26,2/3,리모델링 선착순 역세권 넓고 밝은방,21.06.14.,"1,000",55,"['25년이내', '융자금없는', '역세권', '소형평수']",레트로부동산공인중개사사무소,남향
2116100354,1144010900,마포구 ,DOC,월세,원룸,26,4/4,NaN,21.06.21.,"2,000",50,"['25년이내', '융자금없는', '역세권', '소형평수']",천리안공인중개사,남동향
2116036248,1144011500,마포구 ,DOC,월세,원룸,30,중/15,신축 상수 광흥창역세권 청년주택,21.06.21.,1억 800,55,"['2년이내', '융자금없는', '역세권', '소형평수']",효성해링턴 공인중개사사무소,남동향
2113615029,1144011100,마포구 ,SITE,월세,원룸,26,2/5,광흥창역 대흥역세권 주차가능한 풀옵신축 원룸,21.05.27.,"1,000",60,"['2년이내', '융자금없는', '화장실한개']",효성해링턴 공인중개사사무소,남동향
2114389416,1144011100,마포구 ,OWNER,월세,원룸,16,3/5,리모델링 서강대정문 삼익정문앞 방넓고 베란다 있는 솔로몬하우스,21.06.03.,"1,000",55,"['융자금없는', '역세권', '소형평수']",신촌숲채움공인중개사사무소,남향
2114356413,1144010800,마포구 ,OWNER,월세,원룸,28,1/3,이대역5분 밝고 저렴한 풀옵션 분리형원룸,21.06.03.,500,45,"['25년이상', '융자금없는', '역세권']",OK공인중개사사무소,남서향
2115402581,1144012400,마포구 ,DOC,월세,원룸,26,2/4,홍대입구역 도보 10분 공원옆 즉시입주가능 신축급원룸,21.06.14.,"1,000",60,"['4년이내', '융자금없는', '화장실한개']",유일공인중개사사무소,남향
2115917023,1144012000,마포구 ,DOC,월세,원룸,30,4/5,"에어컨, 가스렌지,냉장고,세탁기",21.06.21.,500,55,"['25년이내', '융자금없는', '역세권', '화장실한개']",뉴타운공인중개사,남향
2116008847,1144010900,마포구 ,DOC,월세,원룸,14,저/5,"대흥역역세권, 신축빌라, 저렴한 월세,소형 개인사무실",21.06.21.,"1,000",30,"['융자금없는', '역세권', '소형평수']",삼정에이스공인중개사사무소,동향
2114413413,1144012500,마포구 ,OWNER,월세,원룸,23,2/5,가계약 되었습니다. 감사합니다.,21.06.03.,"1,000",50,"['10년이내', '융자금없는', '화장실한개']",부동산1번지공인중개사사무소,남서향
2115398647,1144012500,마포구 ,DOC,월세,원룸,15,2/4,가좌역 역세권 신축건물 풀옵션 저렴한 성산동 월세,21.06.14.,"5,000",25,"['4년이내', '융자금없는', '소형평수']",영웅공인중개사사무소,남향
2115439816,1144012500,마포구 ,DOC,월세,원룸,31,2/5,가좌역 도보1분거리. 풀옵션 원룸,21.06.14.,"1,000",60,"['4년이내', '융자금없는', '역세권']",오직공인중개사사무소,남동향
2115399136,1144012000,마포구 ,DOC,월세,원룸,10,3/3,망원역 도보 5분 단독 테라스 사용가능한 분리형 원룸 옥탑,21.06.14.,"1,000",70,"['25년이상', '융자금없는', '테라스']",영웅공인중개사사무소,북동향
2114240223,1144012300,마포구 ,OWNER,월세,원룸,26,2/3,빠른입주 넓은오픈형 원룸,21.06.02.,"1,000",45,"['25년이내', '융자금없는', '역세권']",마포우리공인중개사사무소,남향
2114305374,1144012300,마포구 ,OWNER,월세,원룸,17,1/5,주차가능한 저렴한 원룸 월세,21.06.02.,"1,000",40,"['15년이내', '융자금없는', '1층']",오르는공인중개사사무소,남서향
2113941644,1144010800,마포구 ,MOBL,월세,원룸,9,4/5,"공덕역10분, 대흥역1분,서강대5분 거리 풀옵션 원룸형개인실 내놓아요",21.05.31.,55,55,"['10년이내', '융자금없는', '역세권']",-,남향
2112854965,1144010800,마포구 ,SITE,월세,원룸,16,4/5,즉시입주 가능한 초 신축 원룸입니다.,21.05.25.,"1,000",55,"['융자금없는', '테라스', '역세권']",리버웰삼성공인,남향
2115324770,1144010800,마포구 ,DOC,월세,원룸,14,3/4,서강대 후문 풀옵션 오픈 원룸,21.06.12.,"1,000",60,"['융자금없는', '역세권', '화장실한개']",자이플러스공인중개사사무소,서향
2115327305,1144012200,마포구 ,DOC,월세,원룸,34,3/3,합정역세권 전용 넓고 깔끔한 풀옵션 원룸,21.06.12.,"1,000",50,"['25년이내', '융자금없는', '역세권']",롯데공인중개사사무소,남동향
2115326430,1144010400,마포구 ,DOC,월세,원룸,24,12/22,"빠른입주,역세권 대로변 신축오피스텔",21.06.12.,"1,000",95,"['융자금없는', '역세권', '소형평수']",공덕신영부동산,동향
2115324723,1144010800,마포구 ,DOC,월세,원룸,14,중/4,서강대 후문 풀옵션 원룸,21.06.12.,"1,000",60,"['융자금없는', '역세권', '소형평수']",자이플러스공인중개사사무소,남서향
2115322015,1144011000,마포구 ,DOC,월세,원룸,22,10/14,신촌대로 깔끔한 도시형생활주택,21.06.12.,"3,000",50,"['10년이내', '융자금적은', '역세권']",포스빌공인중개사,북동향
2115324672,1144010800,마포구 ,DOC,월세,원룸,14,2/4,서강대 후문 풀옵션 오픈 원룸,21.06.12.,"1,000",60,"['융자금없는', '역세권', '화장실한개']",자이플러스공인중개사사무소,서향
2115310083,1144012100,마포구 ,DOC,월세,원룸,21,4/4,역세권 원룸 월세,21.06.12.,"3,000",40,"['25년이상', '융자금없는', '역세권']",청록공인중개사사무소,북서향
2115260000,1144012400,마포구 ,DOC,월세,원룸,23,3/5,신축급 풀옵션 분리형 원룸,21.06.12.,"1,000",60,"['10년이내', '융자금없는', '화장실한개']",자연공인중개사사무소,동향
2115267180,1144012200,마포구 ,DOC,월세,원룸,21,5/5,S급원룸 풀옵 엘베유 현관보안 주차가 8월말,21.06.12.,"1,000",65,"['10년이내', '융자금없는', '화장실한개']",초록공인중개사사무소,남향
2115315345,1144012100,마포구 ,DOC,월세,원룸,19,8/8,"BDB홍대입구역 소규모 파티룸, 음악작업실 가능, 주거가능한 공간",21.06.12.,"1,000",110,"['10년이내', '융자금없는', '역세권']",비디비 부동산중개사무소,북서향
2115286088,1144010900,마포구 ,DOC,월세,원룸,20,저/4,"대흥역3분,깔끔한 풀옵션 원룸,빠른입주가능,주차가능",21.06.12.,"1,000",50,"['융자금없는', '역세권', '화장실한개', '소형평수']",카카오부동산공인중개사사무소,남서향
2115135317,1144012000,마포구 ,DOC,월세,원룸,19,고/3,"홍대역앞 깨끗한원룸,베란다",21.06.11.,500,53,"['25년이내', '융자금없는', '역세권']",수부동산공인중개사사무소,북서향
2115215228,1144012000,마포구 ,DOC,월세,원룸,18,고/4,망원역세권원룸 월세,21.06.11.,"2,000",40,"['10년이내', '역세권', '화장실한개', '소형평수']",MT공인중개사사무소,서향
2115196543,1144010900,마포구 ,DOC,월세,원룸,29,4/4,이대역 도보 3분 대로변 분리형 원룸,21.06.11.,500,50,"['25년이상', '융자금없는', '역세권']",이화공인중개사사무소,동향
2115245888,1144012400,마포구 ,DOC,월세,원룸,165,2/4,연트럴파크와 연남동 꽃길 인근 깨끗하고 넓은 풀옵션 원룸입니다.,21.06.11.,"1,000",68,"['25년이내', '융자금없는', '화장실한개']",홍대연남공인중개사사무소,북서향
2115214637,1144012300,마포구 ,DOC,월세,원룸,18,4/5,엎어지면 망원역 가성비 원룸,21.06.11.,"1,000",53,"['10년이내', '융자금없는', '역세권']",레트로부동산공인중개사사무소,남동향
2115179337,1144012200,마포구 ,DOC,월세,원룸,25,고/5,특S급 넓은원룸 엘베有 채광굿 보안,21.06.11.,"2,000",60,"['10년이내', '융자금없는', '소형평수']",초록공인중개사사무소,남서향
2115187727,1144011100,마포구 ,DOC,월세,원룸,20,중/5,공실 하시입주 광흥창역 초역세권 풀옵션 홍대 서강대5분 밝고 깨끗한 원룸,21.06.11.,500,50,"['10년이내', '융자금없는', '역세권', '화장실한개']",대신공인중개사사무소,남향
2115196726,1144010800,마포구 ,DOC,월세,원룸,19,2/4,이대역 도보 6분 저렴한 여성전용 원룸,21.06.11.,300,35,"['25년이상', '융자금없는', '역세권']",이화공인중개사사무소,남향
2115168262,1144010900,마포구 ,DOC,월세,원룸,58,3/3,"즉시입주가능, 여성분만, 입주자 모두 여성분, 초역세권 이대역 3분거리",21.06.11.,300,40,"['15년이내', '융자금없는', '역세권']",대박공인중개사사무소,서향
2115141094,1144011500,마포구 ,DOC,월세,원룸,19,2/4,홍대후문앞 리모델링된 깨끗한 원룸,21.06.11.,"1,000",54,"['25년이상', '융자금없는', '역세권']",수부동산공인중개사사무소,북서향
2114052747,1144012000,마포구 ,OWNER,월세,원룸,39,-1/2,방음시설 되어있는 2룸 너무시끄럽지 않은 음악실 가능합니다,21.05.31.,"1,000",60,"['25년이상', '융자금없는', '역세권']",효성해링턴 공인중개사사무소,남서향
2115196474,1144012400,마포구 ,DOC,월세,원룸,31,2/4,아주 넓은 양 베란다 원룸 입니다,21.06.11.,"1,000",68,"['25년이내', '융자금없는', '화장실한개']",SM공인중개사사무소,북동향
2115214735,1144012500,마포구 ,DOC,월세,원룸,26,중/7,신축급 오피스텔느낌 갓성비 엘유,21.06.11.,"1,000",55,"['15년이내', '융자금없는', '소형평수']",레트로부동산공인중개사사무소,동향
2115078755,1144011000,마포구 ,DOC,월세,원룸,23,5/5,전세자금대출가능 즉시입주 풀옵션 실방사진 보증금3000가능,21.06.10.,"2,000",25,"['25년이내', '융자금없는', '역세권']",신촌우리공인중개사사무소,남동향
2115108661,1144012400,마포구 ,DOC,월세,원룸,20,3/5,홍대 역세권 연트럴파크 풀옵션 원룸,21.06.10.,"1,000",54,"['10년이내', '융자금없는', '소형평수']",연남수공인중개사사무소,남동향
2115049729,1144012500,마포구 ,DOC,월세,원룸,26,4/6,마포구청역5분 엘베있는 원룸,21.06.10.,"1,000",40,"['25년이내', '융자금없는', '역세권']",글로리부동산공인중개사사무소,북향
2115188864,1144012400,마포구 ,DOC,월세,원룸,44,2/4,연남동 엄청 넓은 원룸 소개합니다.,21.06.11.,"1,000",70,"['25년이내', '융자금없는', '소형평수']",세하공인중개사사무소,북서향
2115085717,1144012000,마포구 ,DOC,월세,원룸,18,3/4,"가성비 최고,저렴한 월세,깔끔한 내부,단기",21.06.10.,"1,000",50,"['15년이내', '화장실한개', '소형평수']",부동산톡공인중개사사무소,북동향
2115080147,1144012100,마포구 ,DOC,월세,원룸,22,2/5,넓고 채광좋은방 풀옵션 상태양호 즉시입주가능,21.06.10.,"1,000",50,"['25년이내', '융자금없는', '역세권']",신촌우리공인중개사사무소,동향
2115212102,1144012500,마포구 ,DOC,월세,원룸,76,저/3,가성비 너무나 좋은 풀옵션 원룸,21.06.11.,500,50,"['10년이내', '융자금없는', '역세권']",홍대헤라공인중개사무소,남서향
2115073184,1144012100,마포구 ,DOC,월세,원룸,21,4/5,NaN,21.06.10.,"1,000",60,"['15년이내', '융자금없는', '역세권']",신사공인중개사사무소,남서향
2115127741,1144012300,마포구 ,DOC,월세,원룸,26,중/5,리얼 A급 1등 강력추천 매물 신축급 평수 굿,21.06.10.,"1,000",60,"['10년이내', '융자금없는', '역세권']",레트로부동산공인중개사사무소,동향
2115073415,1144012400,마포구 ,DOC,월세,원룸,29,2/5,홍대 연남동 풀옵션 내부 완벽한 원룸,21.06.10.,"2,000",70,"['25년이내', '융자금없는', '역세권']",신사공인중개사사무소,남향
2115038741,1144012500,마포구 ,DOC,월세,원룸,26,2/4,"지상원룸, 저렴한 월세에 주차가 가능합니다 10년전 금액그대로",21.06.10.,500,40,"['25년이내', '융자금없는', '역세권']",베스트공인중개사사무소,북서향
2115073577,1144012400,마포구 ,DOC,월세,원룸,80,3/4,"연남동 신축, 엘베있는 원룸",21.06.10.,"1,000",60,"['4년이내', '융자금없는', '방한개']",신사공인중개사사무소,남서향
2115044773,1144012400,마포구 ,DOC,월세,원룸,22,저/3,역세권 풀옵션 원룸,21.06.10.,500,55,"['25년이내', '융자금없는', '역세권']",하나공인중개사,남서향
2115046865,1144012300,마포구 ,DOC,월세,원룸,21,4/5,마포구청역5분 풀옵션 원룸,21.06.10.,"1,000",50,"['25년이내', '융자금없는', '역세권']",글로리부동산공인중개사사무소,서향
2115034564,1144012600,마포구 ,DOC,월세,원룸,23,3/7,el있는 복층 풀옵션원룸 하시입주 가좌역세권,21.06.10.,500,45,"['25년이내', '융자금없는', '역세권', '복층']",청록공인중개사 사무소,남서향
2113938324,1144011100,마포구 ,OWNER,월세,원룸,115,5/24,신촌숲아이파크 아파트 분리세대 풀옵션원룸.막힘없는 개방감,21.05.30.,"2,000",90,"['융자금없는', '역세권', '방한개', '화장실한개']",신촌숲아이파크스마일부동산,동향
2115079975,1144012200,마포구 ,DOC,월세,원룸,29,중/7,가성비 무엇나혼자 싼방선착순 더블 역세권 고.퀄,21.06.10.,"1,000",60,"['25년이내', '융자금없는', '역세권']",온누리공인중개사사무소,동향
2115053593,1144010400,마포구 ,DOC,월세,원룸,102,3/5,깨끗한 신축 풀옵션 원룸 가원재 3층,21.06.10.,"3,000",50,"['4년이내', '융자금없는', '역세권']",집스부동산중개주식회사(Zeeps),동향
2115131318,1144012500,마포구 ,DOC,월세,원룸,19,-1/3,"월세저렴, 조용한 성산동 주택가 위치, 분리형 구조의 풀옵션 1.5룸",21.06.10.,500,30,"['25년이상', '융자금없는', '화장실한개']",JOY공인중개사사무소,남서향
2115107209,1144012300,마포구 ,DOC,월세,원룸,50,-1/3,"망원역 역세권, 망리단길에 있는 깨끗하고, 깔끔한 풀옵션 주택 1.5룸",21.06.10.,"1,000",35,"['25년이상', '융자금없는', '역세권']",JOY공인중개사사무소,남동향
2114941478,1144012400,마포구 ,DOC,월세,원룸,26,2/4,연남동 신축급 풀옵션 원룸,21.06.09.,"1,000",70,"['4년이내', '융자금없는', '화장실한개']",홍대코오롱 공인중개사사무소,동향
2114984589,1144012200,마포구 ,DOC,월세,원룸,22,5/5,역세권 풀옵션 전용있는 원룸,21.06.09.,"1,000",50,"['25년이상', '융자금없는', '역세권', '화장실한개']",재테크공인중개사사무소,남향
2114980586,1144012200,마포구 ,DOC,월세,원룸,29,2/3,전용넓은 분리형원룸 풀옵션,21.06.09.,"1,000",50,"['25년이상', '융자금없는', '화장실한개']",재테크공인중개사사무소,남향
2114994906,1144012300,마포구 ,DOC,월세,원룸,16,4/5,망원역세권 보증금 조절 가능 하시입주,21.06.09.,"3,000",40,"['10년이내', '융자금없는', '역세권', '소형평수']",GS공인중개사,동향
2115001947,1144012100,마포구 ,DOC,월세,원룸,18,2/2,홍대역 3번 출구에서 도보로 3분 거리 위치한 원룸입니다,21.06.09.,500,35,"['25년이상', '융자금없는', '역세권', '화장실한개']",다우부동산중개사사무소,남동향
2114918724,1144010400,마포구 ,DOC,월세,원룸,29,2/4,NaN,21.06.09.,"1,000",60,"['25년이상', '융자금없는', '역세권', '소형평수']",현대공인중개사사무소,남향
2114915950,1144010400,마포구 ,DOC,월세,원룸,29,1/3,공덕역 도보2분 초역세권 도배.장판및 내부수리,21.06.09.,"1,000",40,"['25년이내', '융자금없는', '역세권', '1층']",현대공인중개사사무소,남서향
2114945548,1144011000,마포구 ,DOC,월세,원룸,26,중/7,지하철2호선 신촌역 도보3분  풀옵션원룸 ,21.06.09.,"7,000",20,"['10년이내', '융자금없는', '역세권']",현대공인중개사사무소,동향
2115012196,1144012100,마포구 ,DOC,월세,원룸,29,중/5,홍대입구역 도보5분 깨끗함 분리형 원룸 빠른 입주 주차가능 엘리베이터 유,21.06.09.,"1,000",60,"['10년이내', '융자금없는', '역세권']",에이스공인중개사사무소,남서향
2114916564,1144011500,마포구 ,DOC,월세,원룸,33,2/3,상수역 도보 5분거리 넓은원룸,21.06.09.,"1,000",57,"['25년이내', '융자금없는', '역세권']",홍대원 공인중개사사무소,북동향
2114938496,1144012000,마포구 ,DOC,월세,원룸,38,5/6,망원역 3분 엘베있는 큰방,21.06.09.,"1,000",60,"['25년이내', '융자금없는', '역세권']",글로리부동산공인중개사사무소,서향
2114917056,1144012400,마포구 ,DOC,월세,원룸,20,-1/3,즉시입주가능 내부깔끔해요,21.06.09.,500,35,"['25년이내', '융자금없는', '화장실한개']",바로공인중개사사무소,남향
2114956176,1144012600,마포구 ,DOC,월세,원룸,25,2/5,NaN,21.06.09.,"2,000",55,"['10년이내', '융자금없는', '역세권', '소형평수']",월드공인중개사,남향
2113870762,1144012300,마포구 ,OWNER,월세,원룸,28,3/5,아주넓은 오픈형. 통베란다,21.05.29.,"2,000",60,"['25년이내', '융자금없는', '역세권']",마포우리공인중개사사무소,동향
2113866471,1144012500,마포구 ,OWNER,월세,원룸,28,1/5,넓은 신축급 풀옵션원룸,21.05.29.,"3,000",50,"['10년이내', '융자금없는', '1층']",부동산뉴스공인,남서향
2115592262,1144012200,마포구 ,DOC,월세,원룸,28,고/6,당인리 발전소 인근 밝고 전용 넓은 복층 원룸,21.06.16.,"1억 1,000",20,"['25년이내', '융자금없는', '역세권']",효성해링턴 공인중개사사무소,남향
2113878617,1144011100,마포구 ,OWNER,월세,원룸,16,5/5,서강대역1분거리 올리모델링 배렌다 있음,21.05.29.,"3,000",45,"['25년이내', '융자금없는', '역세권']",현대아이파크공인중개사사무소,남향
2115528697,1144011400,마포구 ,DOC,월세,원룸,24,-1/3,"보증금상향,대출가능원룸풀옵션",21.06.16.,"5,000",25,"['25년이상', '융자금적은', '역세권']",주식회사집토스부동산중개(분사무소),남향
2115656176,1144011000,마포구 ,DOC,월세,원룸,23,중/6,"내,외관이 깨끗하고 예쁜 신축급 풀옵션 복층형 원룸",21.06.16.,"1,000",70,"['10년이내', '융자금없는', '역세권']",현대공인중개사사무소,남향
2115014543,1144012400,마포구 ,DOC,월세,원룸,26,중/5,도시형생활주택,21.06.09.,"5,000",30,"['10년이내', '융자금적은', '소형평수']",스타랜드공인중개사사무소,남동향
2113860454,1144012300,마포구 ,OWNER,월세,원룸,14,3/6,역세권 마포구청역 월세가 저렴한 원룸,21.05.29.,"1,000",35,"['25년이내', '융자금없는', '역세권']",명성공인중개사사무소,남서향
2114870360,1144012400,마포구 ,DOC,월세,원룸,23,3/5,홍대 역세권 연트럴파크 연남동 소재한 저렴한 원룸,21.06.08.,500,50,"['10년이내', '융자금없는', '소형평수']",영웅공인중개사사무소,서향
2114927585,1144012000,마포구 ,DOC,월세,원룸,50,5/6,"초역세권 6호선 망원역 2분거리, 평수 진짜넓고, 채광짱인 1.5룸",21.06.09.,"1,000",60,"['25년이내', '융자금없는', '역세권']",JOY공인중개사사무소,남동향
2114801070,1144012400,마포구 ,DOC,월세,원룸,46,1/3,풀옵션원룸,21.06.08.,500,57,"['25년이상', '융자금없는', '역세권']",바로공인중개사사무소,동향
2114979988,1144012300,마포구 ,DOC,월세,원룸,50,2/2,"월세저렴, 조용한 망원 주택가위치, 넓고 깨끗한 분리형 1.5룸",21.06.09.,"1,000",47,"['25년이상', '융자금없는', '화장실한개']",JOY공인중개사사무소,남서향
2114999497,1144010400,마포구 ,DOC,월세,원룸,119,2/5,즉시입주가능. 깨끗한 신축 원룸 가원재 2층,21.06.09.,"1,000",60,"['4년이내', '융자금없는', '역세권']",집스부동산중개주식회사(Zeeps),서향
2114869988,1144012000,마포구 ,DOC,월세,원룸,25,2/3,"넓은 방,풀옵션,고급빌라분위기",21.06.08.,"1,000",65,"['25년이내', '융자금없는', '역세권']",부동산톡공인중개사사무소,동향
2114869803,1144011100,마포구 ,DOC,월세,원룸,34,중/5,전철역 5분거리 넓은방 채광굿 ,21.06.08.,"4,000",30,"['융자금없는', '역세권', '화장실한개', '소형평수']",현대공인중개사사무소,남동향
2114881559,1144012000,마포구 ,DOC,월세,원룸,22,-1/3,"망원역이면 도보1분, 무옵션, 입주협의, 반지층, 깨끗합니다.",21.06.08.,"3,500",6,"['25년이내', '융자금없는', '역세권', '소형평수']",홍익 공인중개사사무소,동향
2114927776,1144012300,마포구 ,DOC,월세,원룸,50,-1/2,"6호선 망원역 5분, 역세권 평수 진짜 넓고, 깔끔한 1.5룸 공개",21.06.09.,"1,000",37,"['25년이상', '융자금없는', '역세권']",JOY공인중개사사무소,남서향
2114927684,1144012300,마포구 ,DOC,월세,원룸,50,5/5,NaN,21.06.09.,"1,000",50,"['10년이내', '융자금없는', '역세권']",JOY공인중개사사무소,남향
2114896174,1144012300,마포구 ,DOC,월세,원룸,16,3/5,바로 입주 가능한 오픈형 풀옵션 원룸입니다.,21.06.08.,"1,000",40,"['15년이내', '융자금없는', '역세권']",정우공인중개사사무소,북동향
2114852615,1144011400,마포구 ,DOC,월세,원룸,26,-1/2,"분리형 원룸,파격적인 월세,수리됨",21.06.08.,"1,000",35,"['25년이상', '융자금없는', '역세권']",부동산톡공인중개사사무소,남동향
2114876961,1144011000,마포구 ,DOC,월세,원룸,67,7/8,주소이전가능 베란다 있는 구조,21.06.08.,"1,000",68,"['25년이내', '융자금없는', '역세권']",신촌소망부동산공인중개사사무소,북서향
2114837872,1144012200,마포구 ,DOC,월세,원룸,43,4/5,신축급 분리형원룸 빌트인풀옵 즉시입주 채광굿 주차가,21.06.08.,"3,000",90,"['10년이내', '융자금없는', '소형평수']",초록공인중개사사무소,북서향
2114921379,1144010700,마포구 ,DOC,월세,원룸,181,중/3,"마포역 도보5분, 채광 잘되는 원룸, 풀옵션, 주차가능",21.06.09.,"3,000",45,"['25년이내', '융자금없는', '역세권']",집스부동산중개주식회사(Zeeps),남향
2114927614,1144012000,마포구 ,DOC,월세,원룸,50,3/6,"초역세권 6호선 망원역 2분거리, 평수 진짜넓고, 채광짱인 1.5룸",21.06.09.,"1,000",60,"['25년이내', '융자금없는', '역세권']",JOY공인중개사사무소,남동향
2114810973,1144012600,마포구 ,DOC,월세,원룸,32,3/3,NaN,21.06.08.,"1,000",38,"['25년이내', '융자금적은', '역세권', '화장실한개']",청록공인중개사 사무소,남서향
2114846004,1144012000,마포구 ,DOC,월세,원룸,28,2/3,"내부 넓은 원룸,월세저렴,베란다",21.06.08.,"1,000",58,"['25년이내', '융자금없는', '역세권']",부동산톡공인중개사사무소,남향
2114857164,1144012300,마포구 ,DOC,월세,원룸,16,3/6,마포구청역5분 원룸 엘베,21.06.08.,"1,000",35,"['25년이내', '융자금없는', '역세권']",글로리부동산공인중개사사무소,서향
2113892713,1144012200,마포구 ,OWNER,월세,원룸,27,-1/3,강력 추천 원룸 가성비 좋은 원룸,21.05.29.,"1,000",27,"['25년이내', '융자금없는', '역세권']",합정공인중개사사무소,남동향
2113764201,1144012700,마포구 ,OWNER,월세,원룸,30,3/5,엘베있는 넓은 풀옵션 원룸,21.05.28.,"1,000",60,"['25년이내', '융자금없는', '역세권']",연일공인중개사,서향
2115548209,1144011400,마포구 ,DOC,월세,원룸,29,2/5,실방사진 내부 넓은 원룸 경의선 숲길 공원 인근,21.06.15.,"1,000",50,"['25년이내', '융자금없는', '역세권']",신촌소망부동산공인중개사사무소,남서향
2113754331,1144012400,마포구 ,OWNER,월세,원룸,28,4/5,홍대역 도보10분 풀옵션 넓은 원룸,21.05.28.,"1,500",55,"['융자금없는', '화장실한개', '소형평수']",부동산1번지공인중개사사무소,북동향
2113768271,1144012500,마포구 ,OWNER,월세,원룸,31,-1/3,내부상태 깔끔 전용넓고 채광있는 반지층 분리형 원룸,21.05.28.,500,45,"['25년이내', '융자금없는', '역세권', '화장실한개']",명성공인중개사사무소,남서향
2113840025,1144012700,마포구 ,OWNER,월세,원룸,46,5/6,풀옵션.2룸.엘베.주차,21.05.28.,"1,000",80,"['25년이내', '융자금없는', '역세권']",연일공인중개사,남동향
2114736163,1144011500,마포구 ,DOC,월세,원룸,16,2/5,홍대후문 도보1분 반전세 원룸,21.06.07.,"1,000",50,"['10년이내', '융자금없는', '역세권']",홍대원 공인중개사사무소,동향
2114772136,1144012300,마포구 ,DOC,월세,원룸,17,3/6,엘베있는 원룸,21.06.07.,"1,000",35,"['25년이내', '융자금없는', '역세권']",오르는공인중개사사무소,남동향
2114709318,1144012500,마포구 ,DOC,월세,원룸,16,3/5,역세권 신축급 풀옵션 원룸,21.06.07.,"1,000",40,"['15년이내', '융자금없는', '역세권']",연오공인중개사무소,동향
2114736491,1144011500,마포구 ,DOC,월세,원룸,23,고/4,홍대후문 바로앞 예쁜원룸 홍대학생 추천,21.06.07.,"1,000",55,"['4년이내', '융자금없는', '역세권']",홍대원 공인중개사사무소,서향
2114762281,1144012000,마포구 ,DOC,월세,원룸,23,2/5,NaN,21.06.07.,"1,000",60,"['25년이내', '융자금없는', '역세권']",디자인공인중개사사무소,북향
2114774929,1144011000,마포구 ,DOC,월세,원룸,21,3/5,역세권 원룸,21.06.07.,"2,000",30,"['25년이내', '융자금없는', '역세권']",청록공인중개사사무소,남향
2114902485,1144012300,마포구 ,DOC,월세,원룸,17,3/4,망원역 역세권 신축 빌트인 옵션 완비 깔끔 원룸,21.06.08.,"3,000",50,"['4년이내', '융자금없는', '소형평수']",영웅공인중개사사무소,동향
2114860966,1144011200,마포구 ,DOC,월세,원룸,32,4/5,한강변소형오피스텔,21.06.08.,500,50,"['10년이내', '융자금적은', '소형평수']",모아부동산공인중개사사무소,북서향
2114907767,1144010800,마포구 ,DOC,월세,원룸,30,3/3,이대역 1분거리 초역세권 전용넓은 풀옵션 원룸,21.06.08.,"1,000",50,"['25년이내', '융자금없는', '역세권', '화장실한개']",알토란공인중개사사무소,북서향
2114759038,1144010800,마포구 ,DOC,월세,원룸,20,2/2,이대역5분 리모델링 풀옵션 분리형원룸,21.06.07.,300,50,"['25년이상', '융자금없는', '역세권']",OK공인중개사사무소,남서향
2114774272,1144010500,마포구 ,DOC,월세,원룸,19,3/5,풀옵션 즉시입주가능한 원룸입니다,21.06.07.,"1,000",42,"['융자금없는', '소형평수', '방한개']",리버웰삼성공인,남동향
2114870726,1144012300,마포구 ,DOC,월세,원룸,15,3/6,마포구청 도보 5분 월세 지원 가능 초저렴 원룸,21.06.08.,"1,000",35,"['25년이내', '융자금없는', '역세권']",영웅공인중개사사무소,남향
2114742873,1144012300,마포구 ,DOC,월세,원룸,21,3/5,"마포구청초역세권, 급저렴한 신축급풀옵션 원룸 , 내부구조 아주좋고 깔끔",21.06.07.,"4,000",25,"['10년이내', '융자금없는', '역세권', '화장실한개']",망원공인중개사사무소,남동향
2114877692,1144012300,마포구 ,DOC,월세,원룸,10,고/3,"단독옥탑, 분리형구조, 3층높이, 깔끔한원룸, 즉시입주",21.06.08.,500,50,"['25년이상', '융자금없는', '역세권']",마포펜션공인중개사사무소,남향
2114693341,1144011100,마포구 ,DOC,월세,원룸,28,고/4,"신축5년차, 평수좋은 풀옵션원룸, 보증금조정가능.",21.06.07.,"1,000",55,"['10년이내', '융자금적은', '역세권']",마포펜션공인중개사사무소,서향
2114669364,1144010200,마포구 ,DOC,월세,원룸,39,6/13,신축 전용넓은 오피스텔 대로변위치 ,21.06.07.,"1,000",80,"['2년이내', '융자금없는', '소형평수']",이원공인중개사사무소,남동향
2114307182,1144011100,마포구 ,DOCV2,월세,원룸,21,4/5,NaN,21.06.03.,"2,000",55,"['10년이내', '융자금없는', '역세권']",거북이부동산공인중개사사무소,남동향
2114707784,1144012400,마포구 ,DOC,월세,원룸,24,3/5,연남동 위치좋고 저렴한 원룸,21.06.07.,500,42,"['25년이상', '융자금없는', '화장실한개']",홍대코오롱공인중개사사무소,북동향
2114279142,1144012500,마포구 ,DOCV2,월세,원룸,17,고/4,가좌역세권 원룸,21.06.02.,500,43,"['25년이내', '융자금없는', '역세권']",부동산뉴스공인,남동향
2114645346,1144010800,마포구 ,DOC,월세,원룸,67,1/3,"마포역,공덕역인접,조용하고 깨끗,즉시입주",21.06.07.,500,40,"['융자금없는', '역세권', '1층', '화장실한개']",행복드림공인중개사사무소,남동향
2114702122,1144012400,마포구 ,DOC,월세,원룸,25,2/5,경의선숲길 인접 연남동 다세대 분리형원룸 월세 귀한매물,21.06.07.,"1,000",60,"['10년이내', '융자금없는', '세대분리']",유일공인중개사사무소,북동향
2114687268,1144010100,마포구 ,DOC,월세,원룸,27,5/5,대로변 깔끔한 대형 원룸 2인거주가능,21.06.07.,"1,000",65,"['25년이상', '융자금없는', '역세권']",이화공인중개사사무소,남향
2113671494,1144011400,마포구 ,OWNER,월세,원룸,23,2/4,깨끗히 관리잘되어있는집,21.05.27.,"1,000",48,"['25년이상', '융자금없는', '역세권', '화장실한개']",까치공인중개사,남향
2113672512,1144011400,마포구 ,OWNER,월세,원룸,33,3/5,전용넓은방,21.05.27.,"1,000",60,"['25년이상', '융자금없는', '역세권', '화장실한개']",까치공인중개사,북동향
2113676781,1144011000,마포구 ,OWNER,월세,원룸,19,6/7,신촌역세권 입주하시,21.05.27.,"2,000",55,"['10년이내', '융자금없는', '역세권', '화장실한개']",까치공인중개사,남서향
2113667361,1144011000,마포구 ,OWNER,월세,원룸,19,5/7,신축급 관리잘된집,21.05.27.,"1,000",60,"['10년이내', '융자금적은', '역세권']",까치공인중개사,남향
2113677951,1144011000,마포구 ,OWNER,월세,원룸,19,5/7,보안관리잘되어있는집,21.05.27.,"1,000",60,"['10년이내', '융자금없는', '역세권', '화장실한개']",까치공인중개사,북동향
2113678709,1144011000,마포구 ,OWNER,월세,원룸,20,3/6,복층형 입주하시,21.05.27.,"3,000",50,"['4년이내', '융자금없는', '역세권']",까치공인중개사사무소,남향
2113667870,1144011000,마포구 ,OWNER,월세,원룸,19,6/7,풀옵션 즉시입주가능함,21.05.27.,"1,000",60,"['10년이내', '융자금적은', '역세권']",까치공인중개사,남서향
2115472647,1144010400,마포구 ,DOC,월세,원룸,19,4/4,"마포역5분, 1년전 올수리된 풀옵션 .원룸.주가가능",21.06.14.,"1,000",50,"['15년이내', '융자금없는', '올수리']",우방공인중개사사무소,남향
2113661997,1144011000,마포구 ,OWNER,월세,원룸,23,고/7,신축같은원룸 관리잘되어있음,21.05.27.,"2,000",55,"['10년이내', '융자금없는', '역세권', '화장실한개']",까치공인중개사사무소,동향
2113654489,1144012500,마포구 ,OWNER,월세,원룸,21,3/5,역세권신축4년  풀옵션 엘리베이터 현관보안 깔끔함,21.05.27.,"2,000",30,"['10년이내', '융자금없는', '역세권', '화장실한개']",금풍공인중개사,남향
2113670918,1144011000,마포구 ,OWNER,월세,원룸,19,4/6,신축급 복층형입주협의,21.05.27.,"1,000",60,"['2년이내', '융자금없는', '역세권']",까치공인중개사,북서향
2113673982,1144011400,마포구 ,OWNER,월세,원룸,26,2/4,수리해깨끗한원룸,21.05.27.,"1,000",50,"['25년이내', '융자금없는', '역세권']",까치공인중개사,남서향
2113546003,1144012000,마포구 ,MOBL,월세,원룸,35,2/5,"홍대입구역 6분 , 풀옵션 , 넓은 원룸 찾으시는 분께 안성맞춤",21.05.26.,"2,000",60,"['25년이내', '융자금없는', '역세권']",이룸공인중개사사무소,남동향
2113469493,1144011000,마포구 ,MOBL,월세,원룸,20,3/6,노고산동 신축급 풀옵션 복층형 원룸,21.05.25.,"1,000",60,"['4년이내', '융자금없는', '역세권']",홍대하늘공인중개사사무소,남향
2114765580,1144011200,마포구 ,DOC,월세,원룸,34,4/5,한강뷰현석동 리버뷰오피스텔 남향한강뷰,21.06.07.,"2,000",60,"['10년이내', '융자금적은', '소형평수']",모아부동산공인중개사사무소,남향
2114417720,1144011000,마포구 ,OWNER,월세,원룸,21,중/8,전철역2분거리 력셔리한 풀옵션원룸 빠른입주가능,21.06.03.,"2,000",55,"['10년이내', '융자금없는', '역세권']",현대공인중개사사무소,남향
2114765384,1144011200,마포구 ,DOC,월세,원룸,32,5/5,한강변 소형오피스텔반전세매물,21.06.07.,"5,000",22,"['10년이내', '융자금적은', '마당']",모아부동산공인중개사사무소,북동향
2114051528,1144010400,마포구 ,MOBL,월세,원룸,32,2/4,NaN,21.06.01.,"1,000",80,"['25년이내', '융자금없는', '역세권']",우방공인중개사사무소,남동향
2113573007,1144010500,마포구 ,OWNER,월세,원룸,20,3/5,풀옵션 깨끗한원룸 한강근처 베란다있음,21.05.26.,"1,000",55,"['융자금없는', '소형평수', '방한개']",리버웰삼성공인,남동향
2114570414,1144011400,마포구 ,DOC,월세,원룸,33,1/4,홍대책거리부근 넓은방 풀옵션 입주협의,21.06.05.,"4,000",35,"['25년이내', '융자금없는', '역세권']",신촌우리공인중개사사무소,남서향
2114636232,1144012300,마포구 ,DOC,월세,원룸,18,2/5,분리형 풀옵션원룸,21.06.05.,"1,000",45,"['10년이내', '융자금없는', '화장실한개']",마포우리공인중개사사무소,남향
2114557282,1144012000,마포구 ,DOC,월세,원룸,20,고/5,분리형 역세권 신축급 강력추천매물,21.06.05.,"1,000",50,"['10년이내', '융자금없는', '역세권', '소형평수']",레트로부동산공인중개사사무소,서향
2114613469,1144012100,마포구 ,DOC,월세,원룸,96,-1/3,경의선숲길공원부근 분리형풀옵션방 계단1개정도내려감 ,21.06.05.,"1,000",60,"['25년이상', '융자금없는', '역세권', '화장실한개']",신촌우리공인중개사사무소,북서향
2114607885,1144011000,마포구 ,DOC,월세,원룸,52,1/2,서강대앞 넓은거실과 개별테라스있는 분위기좋은 깔끔한 풀옵션방 즉시입주가능,21.06.05.,"5,000",80,"['25년이상', '융자금없는', '테라스']",신촌우리공인중개사사무소,남서향
2114622841,1144010400,마포구 ,DOC,월세,원룸,24,고/22,마포공덕역세권 신축오피스텔,21.06.05.,"1,000",95,"['2년이내', '융자금없는', '역세권', '소형평수']",트라팰리스공인중개사사무소,남동향
2114639865,1144012400,마포구 ,DOC,월세,원룸,25,2/5,분리형원룸 주차가능해요,21.06.05.,"1,000",60,"['10년이내', '융자금없는', '화장실한개', '소형평수']",바로공인중개사사무소,북동향
2114613446,1144010700,마포구 ,DOC,월세,원룸,28,고/4,즉시입주가능,21.06.05.,500,30,"['10년이내', '융자금없는', '역세권']",수공인중개사사무소,남동향
2114579107,1144010900,마포구 ,DOC,월세,원룸,29,2/2,이대역 도보5분 2층풀옵션 투룸채광양호,21.06.05.,"1,000",60,"['25년이상', '융자금없는', '역세권']",이대명품공인중개사사무소,서향
2115322111,1144010900,마포구 ,DOC,월세,원룸,20,3/4,신축급 공덕역세권이용 더편리해짐 풀옵션 집상태깔끔합니다,21.06.12.,"3,000",35,"['10년이내', '융자금없는', '역세권', '소형평수']",천리안공인중개사,남서향
2115283085,1144011500,마포구 ,DOC,월세,원룸,20,2/5,전철6호선상수역최근접 교통편리 풀옵션 정남향 공실 ,21.06.12.,"1,000",50,"['25년이내', '융자금없는', '역세권']",한강부동산공인중개사사무소,남향
2114610347,1144011000,마포구 ,DOC,월세,원룸,19,2/6,역세권 원룸,21.06.05.,"1,000",35,"['25년이내', '융자금없는', '역세권']",청록공인중개사사무소,남향
2114610859,1144011000,마포구 ,DOC,월세,원룸,22,5/6,역세권 원룸,21.06.05.,"1,000",40,"['25년이내', '융자금없는', '역세권']",청록공인중개사사무소,남향
2113472703,1144011400,마포구 ,OWNER,월세,원룸,33,3/5,전철역5분거리 위치좋은 넓은원룸,21.05.25.,"1,000",50,"['융자금없는', '역세권', '화장실한개']",현대공인중개사사무소,북향
2114596291,1144012000,마포구 ,DOC,월세,원룸,21,4/4,실사진 보증금이 저렴한 서교동 상상마당 인근 4층 원룸,21.06.05.,500,50,"['25년이내', '융자금없는', '마당']",공감공인중개사사무소,동향
2114484185,1144012000,마포구 ,DOC,월세,원룸,17,중/5,홍대정문인근 보안철저한 여성원룸,21.06.04.,500,45,"['15년이내', '융자금없는', '역세권']",수부동산공인중개사사무소,북동향
2114441332,1144010400,마포구 ,DOC,월세,원룸,40,4/5,방크고 원목마루   베란다  주차장 있음  에어콘 있음.,21.06.04.,1억,20,"['25년이내', '융자금없는', '역세권']",희망부동산공인,동향
2114572397,1144012000,마포구 ,DOC,월세,원룸,10,2/2,"초역세권, 망원역 3분, 리모델링완료, 너무이쁜 복층 풀옵션 1.5룸",21.06.05.,"1,000",70,"['25년이상', '융자금없는', '마당']",JOY공인중개사사무소,남서향
2114147388,1144011000,마포구 ,OWNER,월세,원룸,27,3/5,교통요지 저렴하고 깔끔한 원룸 남향 채광굿,21.06.01.,"1,000",45,"['25년이내', '융자금없는', '역세권']",현대공인중개사사무소,남향
2114557323,1144012100,마포구 ,DOC,월세,원룸,22,3/5,신축 2년차 깔끔한 원룸,21.06.05.,"1,000",55,"['4년이내', '융자금없는', '역세권']",레트로부동산공인중개사사무소,남향
2114442322,1144012000,마포구 ,DOC,월세,원룸,35,-1/4,NaN,21.06.04.,300,55,"['25년이내', '융자금없는', '역세권']",유공인중개사사무소,남동향
2114552939,1144012500,마포구 ,DOC,월세,원룸,30,1/3,조용한 주택가 전용 넓은 1층 원룸,21.06.04.,"1,000",40,"['15년이내', '융자금없는', '역세권', '1층']",명성공인중개사사무소,북동향
2114480375,1144011100,마포구 ,DOC,월세,원룸,27,2/4,직통.초역세권.준신축급 풀옵션.아주 깔끔.,21.06.04.,"1,000",50,"['25년이내', '융자금없는', '역세권', '화장실한개']",청춘공인중개사사무소,남향
2114556069,1144012000,마포구 ,DOC,월세,원룸,23,4/7,큰길 대로변 오피스텔 가성비 대박,21.06.04.,"3,000",50,"['25년이내', '융자금없는', '소형평수', '방한개']",레트로부동산공인중개사사무소,서향
2114589223,1144011400,마포구 ,DOC,월세,원룸,30,1/3,"홍대근처, 홍대입구역세권, 깔끔하고 매우 넓은 일체형 원룸 깔끔풀옵션",21.06.05.,"1,000",70,"['25년이내', '융자금없는', '역세권']",영웅공인중개사사무소,동향
2114477905,1144012400,마포구 ,DOC,월세,원룸,28,2/4,연남동 최고위치 깔끔하고 넓은 원룸 월세 보증금 월세 유연조정가능,21.06.04.,500,65,"['25년이내', '융자금없는', '화장실한개']",홍대코오롱공인중개사사무소,남서향
2114569430,1144012000,마포구 ,DOC,월세,원룸,50,4/5,"합정 10분, 힐링하기 좋은 개인테라스가 포함된 보기드문 풀옵션 원룸",21.06.05.,"3,000",85,"['10년이내', '융자금없는', '테라스']",JOY공인중개사사무소,남서향
2114558664,1144012400,마포구 ,DOC,월세,원룸,23,2/4,연남동 신축 컨디션 넓은 원룸,21.06.05.,"1,000",60,"['10년이내', '융자금없는', '역세권', '화장실한개']",레트로부동산공인중개사사무소,동향
2114145128,1144011000,마포구 ,TEL,월세,원룸,20,3/5,"전세대출 가능,신촌역,서강대역3분 더블역세권",21.06.01.,"8,000",15,"['2년이내', '융자금없는', '역세권', '소형평수']",-,남향
2113380998,1144010700,마포구 ,OWNER,월세,원룸,21,중/5,"마포역도보5분, 방1 거실1, 풀옵션, 현관보안, 주차가능, 엘리베이터",21.05.24.,"1,000",50,"['10년이내', '융자금없는', '역세권']",구민중개인사무소,북동향
2114473619,1144012500,마포구 ,DOC,월세,원룸,23,2/5,조용한 주택가 밝은 원룸 주차가 즉시입주,21.06.04.,500,35,"['15년이내', '융자금없는', '화장실한개', '소형평수']",리빙공인중개사사무소,남향
2113283276,1144011100,마포구 ,OWNER,월세,원룸,23,중/5,"오픈형원룸, 2층, 풀옵션, 산태깨끗, 베란다 있음, 주차가능, 입주협의",21.05.24.,"2,000",40,"['25년이내', '융자금없는', '역세권', '화장실한개']",선택부동산공인중개사사무소,동향
2114506497,1144012400,마포구 ,DOC,월세,원룸,29,1/3,오픈형 베란다있는 넓은 원룸,21.06.04.,"1,000",60,"['25년이내', '융자금없는', '역세권']",마포우리공인중개사사무소,서향
2114349989,1144010900,마포구 ,DOC,월세,원룸,16,3/3,이대역 도보 1분 여성전용 원룸,21.06.03.,300,35,"['25년이상', '융자금없는', '역세권']",이화공인중개사사무소,서향
2114432912,1144010300,마포구 ,DOC,월세,원룸,29,8/9,"공덕역5분, 전용넓은 오피스텔",21.06.03.,"3,000",55,"['25년이내', '융자금없는', '역세권', '화장실한개']",공덕좋은날공인중개사사무소,남동향
2114347004,1144012500,마포구 ,DOC,월세,원룸,27,2/4,"주차 가능, 저렴한 월세, 깔끔한 컨디션, 풀옵션, 베란다 있음",21.06.03.,"3,000",40,"['25년이내', '융자금없는', '화장실한개']",라온 공인중개사사무소,북동향
2114360687,1144012000,마포구 ,DOC,월세,원룸,26,-1/3,"깔끔하고 넓은 방,저렴한 월세",21.06.03.,"2,000",40,"['25년이내', '융자금없는', '역세권']",부동산톡공인중개사사무소,남동향
2114379515,1144010200,마포구 ,DOC,월세,원룸,16,중/5,공덕역 3분 저렴한 원룸,21.06.03.,"1,000",30,"['융자금없는', '역세권', '소형평수']",더부여공인중개사사무소,동향
2114421159,1144012100,마포구 ,DOC,월세,원룸,28,3/5,경의선 숲길 내려다 보이는 원룸,21.06.03.,"1,000",50,"['25년이상', '융자금없는', '역세권']",현공인중개사사무소,남동향
2114399066,1144012300,마포구 ,DOC,월세,원룸,35,4/4,전용넓은 분리형 옵션형 넓은 테라스 있어요.,21.06.03.,"1,000",70,"['25년이내', '융자금적은', '테라스']",정우공인중개사사무소,남향
2114374925,1144010800,마포구 ,DOC,월세,원룸,73,중/3,NaN,21.06.03.,"6,000",30,"['25년이상', '융자금없는', '역세권', '방두개']",마포자이공인중개사사무소,남향
2114326831,1144012200,마포구 ,DOC,월세,원룸,39,고/5,넓은평수 통원룸 풀옵 주차엘베 2천.90,21.06.03.,"1,000",95,"['10년이내', '융자금없는', '소형평수']",초록공인중개사사무소,남향
2114394444,1144012200,마포구 ,DOC,월세,원룸,49,-1/3,내부 깨끗함. 방2개. 빠른입주가능,21.06.03.,500,40,"['25년이내', '융자금없는', '소형평수']",거북공인중개사사무소,남향
2114395978,1144012400,마포구 ,DOC,월세,원룸,27,2/3,홍대역세권 연트럴파크권 연남동 분리형원룸,21.06.03.,"1,000",55,"['25년이상', '융자금없는', '소형평수']",영웅공인중개사사무소,남동향
2114400146,1144010800,마포구 ,DOC,월세,원룸,39,3/4,"즉시입주가능, 서강대 후문 바로 앞, 이대역,대흥역 도보 7분거리",21.06.03.,"1,000",50,"['2년이내', '융자금없는', '역세권']",대박공인중개사사무소,동향
2114349507,1144011400,마포구 ,DOC,월세,원룸,27,4/4,"주차가능,빠른입주, 깨끗하며 풀옵션의 원룸,조용한 곳 선호하는 분께 추천",21.06.03.,"3,000",33,"['25년이상', '융자금없는', '역세권', '화장실한개']",스마일(단지내332-4949)공인중개사사무소,남서향
2114401356,1144010800,마포구 ,DOC,월세,원룸,18,2/5,"대흥역5분,환하고 깔끔,엘베유,주차가능,보증금,월세 조정가능",21.06.03.,"4,000",20,"['25년이내', '융자금없는', '역세권', '소형평수']",카카오공인중개사사무소,남동향
2114419157,1144012200,마포구 ,DOC,월세,원룸,46,중/5,"전세1억5천.1천만원에62만, 5백만원에 65만원가능.2천만에 60만",21.06.03.,"5,000",40,"['25년이내', '융자금없는', '화장실한개']",거북공인중개사사무소,남향
2114401950,1144012200,마포구 ,DOC,월세,원룸,18,3/5,즉시 입주 가능 원룸,21.06.03.,"8,500",20,"['15년이내', '융자금없는', '역세권', '화장실한개']",퍼스트공인중개사사무소,서향
2114312659,1144012000,마포구 ,DOC,월세,원룸,50,4/5,"넓은 거실 2룸, 보증금 조율 가능, 올 수리, 주차 가능",21.06.03.,"2,000",100,"['25년이상', '융자금적은', '올수리']",라온 공인중개사사무소,남향
2114357591,1144011400,마포구 ,DOC,월세,원룸,18,2/3,홍대정문옆 잘나가는 깨끗한 원룸,21.06.03.,500,50,"['25년이내', '융자금없는', '화장실한개']",수부동산공인중개사사무소,남서향
2114312105,1144011100,마포구 ,DOC,월세,원룸,32,저/2,"신수동 주택가 투룸,올수리 첫 입주",21.06.03.,"1,000",50,"['25년이상', '융자금없는', '올수리']",부동산114공인중개사사무소,남서향
2114387842,1144012000,마포구 ,DOC,월세,원룸,33,2/4,홍대입구 최고가성비 원룸,21.06.03.,"1,000",50,"['25년이내', '융자금적은', '화장실한개']",(주)탑 부동산중개법인,북서향
2114311950,1144012400,마포구 ,DOC,월세,원룸,25,2/4,연남동 메인 골목  넓은 원룸 월세 보증금 조정가능,21.06.03.,"4,000",50,"['25년이내', '융자금없는', '화장실한개']",홍대코오롱 공인중개사사무소,동향
2115107271,1144012600,마포구 ,DOC,월세,원룸,22,중/4,"풀옵션, 역세권, ",21.06.10.,"1,000",45,"['10년이내', '융자금없는', '역세권']",월드공인중개사,남동향
2115087113,1144011100,마포구 ,DOC,월세,원룸,22,2/5,신석초인근 저렴하고 조용함 깔끔한 원룸 풀옵션 빠른입주 가능합니다 ,21.06.10.,500,45,"['10년이내', '융자금없는', '화장실한개', '소형평수']",자타(713-9100)공인중개사사무소,남동향
2114320976,1144012500,마포구 ,DOC,월세,원룸,33,2/3,햇살이 잘 드는 넓고 깨끗한 룸이며 베란다가 있음. 각종 대출 가능함.,21.06.03.,"7,000",20,"['25년이내', '융자금없는', '역세권', '화장실한개']",꿀벌공인중개사사무소,남향
2114246149,1144012500,마포구 ,DOC,월세,원룸,24,2/4,큰길에서 깊지 않은 안심 원룸 신축급,21.06.02.,"1,500",50,"['2년이내', '융자금없는', '화장실한개', '소형평수']",신대림공인중개사,남동향
2114250911,1144012500,마포구 ,DOC,월세,원룸,35,1/5,신축급넓은 원룸 사무실 이용가능,21.06.02.,"3,000",50,"['10년이내', '융자금없는', '1층']",신대림공인중개사,남동향
2114240504,1144012200,마포구 ,DOC,월세,원룸,23,3/5,합정역세권 깔끔한 분리형 풀옵션 원룸,21.06.02.,"1,000",50,"['15년이내', '융자금없는', '역세권']",롯데공인중개사사무소,남동향
2114278180,1144012600,마포구 ,DOC,월세,원룸,25,2/5,"방넓고 주차가능,보증금월세조정가능",21.06.02.,"1,000",60,"['10년이내', '융자금없는', '역세권', '소형평수']",신대림공인중개사,남동향
2114273653,1144010800,마포구 ,DOC,월세,원룸,15,고/4,대흥역 도보4분. 주변에 생활편의시설과 맛집 다수.,21.06.02.,500,45,"['융자금없는', '역세권', '화장실한개']",부동산114공인중개사사무소,북향
2114255642,1144012400,마포구 ,DOC,월세,원룸,26,2/4,신축상태 그대로 깨끗 원룸 풀옵션  홍대역7분,21.06.02.,"1,000",60,"['4년이내', '융자금없는', '화장실한개']",행운공인중개사사무소,남동향
2114240918,1144011500,마포구 ,DOC,월세,원룸,26,1/4,상수역세권 남향 깨끗 풀옵션 원룸,21.06.02.,500,45,"['25년이상', '융자금없는', '역세권']",롯데부동산공인중개사사무소,남향
2114296023,1144012300,마포구 ,DOC,월세,원룸,24,2/5,A급 망원동 신축급 놓치지마세요,21.06.02.,"1,000",52,"['10년이내', '융자금없는', '소형평수']",레트로부동산공인중개사사무소,동향
2114241499,1144012500,마포구 ,DOC,월세,원룸,24,3/4,"넉넉한 원룸 베란다,주차가능",21.06.02.,"1,000",40,"['25년이내', '융자금없는', '역세권', '화장실한개']",신대림공인중개사,남동향
2114198183,1144011100,마포구 ,DOC,월세,원룸,19,고/4,"대흥역 도보2분, 베란다 있는 상태 깨끗한 남향 원룸",21.06.02.,"1,000",50,"['융자금없는', '역세권', '소형평수']",부동산114공인중개사사무소,남향
2114323308,1144012300,마포구 ,DOC,월세,원룸,20,3/6,NaN,21.06.03.,"1,000",60,"['10년이내', '융자금없는', '역세권', '화장실한개']",월드컵공인중개사무소,남향
2114248662,1144012500,마포구 ,DOC,월세,원룸,19,2/4,"저렴하고깔끔한 원룸,보증금월세조정가능",21.06.02.,500,50,"['4년이내', '융자금없는', '화장실한개', '소형평수']",신대림공인중개사,남동향
2114977963,1144010800,마포구 ,DOC,월세,원룸,49,4/4,"주차장완비,염리초,마포역 공덕역 대흥역 도보거리,경의숲길공원",21.06.09.,"2,000",60,"['25년이내', '융자금없는', '역세권', '화장실한개']",부동산씨티공인중개사사무소,남서향
2115000999,1144012000,마포구 ,DOC,월세,원룸,19,중/5,홍대입구역 망원역 8분 금액 좋은 원룸,21.06.09.,"2,000",45,"['10년이내', '융자금없는', '소형평수']",(주)부동산중개법인성공,동향
2114925436,1144010900,마포구 ,DOC,월세,원룸,23,2/5,추천 공덕역세권 넓고양창 EV 고급풀옵션 내외부견고히 잘지은건물입니다,21.06.09.,"1,000",50,"['10년이내', '융자금없는', '소형평수', '방한개']",천리안공인중개사,남동향
2114192956,1144012200,마포구 ,DOC,월세,원룸,50,5/5,"망리단길에 위치, 평수 최고, 미술관에 온듯한 파노라마 구조 너무 이뻐요",21.06.02.,"1,000",95,"['10년이내', '융자금없는', '소형평수']",JOY공인중개사사무소,남향
2113701510,1144011100,마포구 ,DOCV2,월세,원룸,16,중/2,대흥역 도보2분에 위치한 초역세권 분리형원룸,21.05.27.,"2,000",35,"['융자금없는', '역세권', '소형평수']",부동산114공인중개사사무소,남서향
2114133768,1144012400,마포구 ,DOC,월세,원룸,23,3/4,깔끔한 풀옵션 원룸,21.06.01.,"1,000",50,"['15년이내', '융자금없는', '화장실한개']",자연공인중개사사무소,북동향
2114127265,1144012000,마포구 ,DOC,월세,원룸,23,2/3,"풀옵션,깔끔한 방,조용해요",21.06.01.,"1,000",45,"['25년이상', '융자금없는', '역세권']",부동산톡공인중개사사무소,남향
2114107687,1144012500,마포구 ,DOC,월세,원룸,27,2/2,깔끔한 원룸입니다.,21.06.01.,"1,000",40,"['25년이상', '융자금없는', '화장실한개']",성일공인중개사사무소,북서향
2114117727,1144011400,마포구 ,DOC,월세,원룸,28,1/2,"광흥창역 8분거리 역세권 4층 원룸, 풀옵션으로 즉시입주가능",21.06.01.,"3,000",33,"['융자금없는', '역세권', '1층', '소형평수']",신촌숲아이파크스마일부동산,동향
2114077174,1144012200,마포구 ,DOC,월세,원룸,26,2/5,NaN,21.06.01.,"1,000",50,"['25년이내', '융자금적은', '역세권', '화장실한개']",거북공인중개사사무소,남향
2114116669,1144010900,마포구 ,DOC,월세,원룸,20,-1/2,이대역 도보3분 풀옵션 원룸 깨끗해요.최근리모델링,21.06.01.,500,45,"['융자금없는', '역세권', '화장실한개']",이대명품공인중개사사무소,동향
2114144818,1144010800,마포구 ,DOC,월세,원룸,26,3/4,대형원룸 풀옵션 즉시입주가능,21.06.01.,500,55,"['융자금없는', '역세권', '화장실한개']",이대명품공인중개사사무소,남향
2114121221,1144011500,마포구 ,DOC,월세,원룸,22,2/3,"남향,깔끔한 시설,조용한 곳",21.06.01.,"1,000",50,"['15년이내', '융자금없는', '역세권']",부동산톡공인중개사사무소,남향
2114118863,1144010900,마포구 ,DOC,월세,원룸,21,4/4,분리형 저렴한 단독옥탑방,21.06.01.,500,30,"['25년이상', '융자금없는', '역세권']",이대명품공인중개사사무소,동향
2114077687,1144012200,마포구 ,DOC,월세,원룸,26,2/3,"1층,2층,3층있음. 보증금3백만에45만원임. 풀옵션.",21.06.01.,300,45,"['25년이내', '융자금없는', '화장실한개']",거북공인중개사사무소,동향
2114116211,1144011400,마포구 ,DOC,월세,원룸,27,2/4,"귀한 전세,넓은 원룸,시설깔끔",21.06.01.,"3,000",44,"['25년이내', '융자금없는', '화장실한개']",부동산톡공인중개사사무소,남동향
2114087937,1144012000,마포구 ,DOC,월세,원룸,30,5/7,서교동 깔끔한 원룸 소개 합니다.,21.06.01.,"1,000",50,"['25년이내', '융자금없는', '화장실한개']",세하공인중개사사무소,북서향
2114134342,1144012000,마포구 ,DOC,월세,원룸,22,4/7,깔끔한 풀옵션 원룸,21.06.01.,"1,000",62,"['10년이내', '융자금없는', '역세권', '화장실한개']",자연공인중개사사무소,남서향
2114068262,1144012300,마포구 ,DOC,월세,원룸,23,2/5,현재는 3층이 있어요 . 2012년식 .풀옵션. 주차가능,21.06.01.,"1,000",44,"['10년이내', '융자금적은', '화장실한개']",거북공인중개사사무소,동향
2114880945,1144010400,마포구 ,DOC,월세,원룸,13,고/4,"마포역5분, 풀옵션,수리된 원룸,위치굿,청소완료.보증금,세조정가능",21.06.08.,500,45,"['10년이내', '융자금없는', '역세권']",우방공인중개사사무소,남동향
2114875698,1144010400,마포구 ,DOC,월세,원룸,21,중/4,"마포역5분, 풀옵션,주차가능, 수리완료,청소완료.단기가능",21.06.08.,"1,000",50,"['15년이내', '융자금없는', '역세권']",우방공인중개사사무소,동향
2114875928,1144010400,마포구 ,DOC,월세,원룸,15,중/2,"공덕,경의,공항선5분, 신축,리모델링된 주택, 신축, 풀옵션",21.06.08.,"1,000",40,"['25년이상', '융자금없는', '역세권']",우방공인중개사사무소,북향
2114900071,1144012000,마포구 ,DOC,월세,원룸,40,중/5,합정역 1분거리 조용한 원룸,21.06.08.,"3,000",47,"['25년이내', '융자금없는', '역세권']",동양한강트레벨공인,남동향
2114067978,1144012300,마포구 ,DOC,월세,원룸,30,고/5,2천만원에 51만원.넓은편 입니다 . 2012년식 .풀옵션. 주차가능,21.06.01.,"1,000",55,"['10년이내', '융자금적은', '화장실한개', '소형평수']",거북공인중개사사무소,동향
2114076191,1144011200,마포구 ,DOC,월세,원룸,13,2/5,풀옵션 신축급 남향 깔끔한 원룸,21.06.01.,"1,000",50,"['10년이내', '융자금없는', '소형평수']",모아부동산공인중개사사무소,북향
2114183948,1144011800,마포구 ,DOC,월세,원룸,50,2/4,초역세권 6호선 상수역에 위치한 조용한 풀옵션 원룸 추천입니다,21.06.01.,"1,000",40,"['15년이내', '융자금없는', '역세권']",JOY공인중개사사무소,남향
2114008017,1144011000,마포구 ,DOC,월세,원룸,20,2/4,서강대부근 깔끔한 풀옵션방 즉시입주 보증금1000가능,21.05.31.,"2,000",45,"['25년이상', '융자금없는', '역세권']",신촌우리공인중개사사무소,동향
2114181020,1144012200,마포구 ,DOC,월세,원룸,50,7/7,"합정,상수역 사이에 위치한 경치좋은 풀옵션 복층원룸입니다. 너무 이뻐요",21.06.01.,"8,000",30,"['25년이내', '융자금없는', '역세권']",JOY공인중개사사무소,남서향
2114076291,1144011200,마포구 ,DOC,월세,원룸,14,5/5,추천매물 한강뷰 언제든지 입주 가능,21.06.01.,500,65,"['10년이내', '융자금없는', '소형평수']",모아부동산공인중개사사무소,남향
2114029326,1144012400,마포구 ,DOC,월세,원룸,25,5/5,홍대역세권 공원뷰 좋은 원룸,21.05.31.,"4,000",30,"['25년이내', '융자금없는', '소형평수']",하나공인중개사,남동향
2114009306,1144011100,마포구 ,DOC,월세,원룸,28,6/8,대흥역 신수동 귀하디귀한 원룸 월세,21.05.31.,"1,000",65,"['15년이내', '융자금없는', '역세권']",주식회사어반부동산중개법인,남향
2114028210,1144012400,마포구 ,DOC,월세,원룸,28,2/5,연남동 분리형원룸 ,21.05.31.,"1,000",65,"['15년이내', '융자금없는', '역세권']",하나공인중개사,동향
2113987773,1144012200,마포구 ,DOC,월세,원룸,23,4/5,즉시입주 가능한 풀옵션 원룸,21.05.31.,"1,000",40,"['15년이내', '융자금없는', '화장실한개', '소형평수']",굿모닝공인중개사사무소,남서향
2113936640,1144012100,마포구 ,DOC,월세,원룸,21,4/6,숲길공원부근 풀옵션방 즉시입주가능합니다,21.05.31.,"5,000",10,"['25년이내', '융자금없는', '역세권']",신촌우리공인중개사사무소,남향
2114164891,1144012000,마포구 ,DOC,월세,원룸,25,저/2,"중기청 80 가능 원룸 전세 , 풀옵션 , 빠른입주가능",21.06.01.,"8,400",13,"['25년이상', '융자금없는', '역세권']",이룸공인중개사사무소,동향
2114758281,1144011100,마포구 ,DOC,월세,원룸,30,4/5,"가로공원인접,서강대 인근,초역세권",21.06.07.,"1,000",60,"['25년이내', '융자금없는', '역세권', '화장실한개']",뉴태영공인중개사사무소,남서향
2114061763,1144012300,마포구 ,DOC,월세,원룸,22,고/3,망원역 가까워요 풀옵션. 빠른입주가능,21.05.31.,"1,000",40,"['15년이내', '융자금없는', '역세권']",거북공인중개사사무소,동향
2113401573,1144010700,마포구 ,MOBL,월세,원룸,19,2/3,NaN,21.05.25.,300,50,"['15년이내', '융자금없는', '역세권']",우방공인중개사사무소,북서향
2114023748,1144012200,마포구 ,DOC,월세,원룸,50,4/5,"큼지막한 전용 베란다, 조용한 주택가위치, 깨끗하고 깔끔한 풀옵션 원룸",21.05.31.,"2,000",70,"['10년이내', '융자금없는', '테라스']",JOY공인중개사사무소,남향
2113454914,1144010700,마포구 ,MOBL,월세,원룸,13,3/4,"마포역5분, 침대포함된 풀옵션의 원룸, 입주가능,",21.05.25.,500,35,"['15년이내', '융자금없는', '역세권']",우방공인중개사사무소,서향
2113938295,1144010700,마포구 ,DOC,월세,원룸,22,3/5,마포역 도보5분 신축원룸 풀옵션,21.05.31.,"1,000",50,"['10년이내', '융자금없는', '역세권', '화장실한개']",힐스한경공인중개사사무소,동향
2113969961,1144012000,마포구 ,DOC,월세,원룸,33,3/4,합정역 전용 넓은 오픈형 원룸,21.05.31.,"1,000",65,"['25년이내', '융자금없는', '역세권']",디자인공인중개사사무소,남서향
2113884495,1144012500,마포구 ,DOC,월세,원룸,16,3/5,구청역세권 착한 월세 풀옵션 원룸,21.05.29.,500,40,"['15년이내', '융자금적은', '역세권']",옆집부동산공인중개사사무소,서향
2113911407,1144012400,마포구 ,DOC,월세,원룸,44,2/4,연트럴파크권 홍대입구 도보 8분 풀옵션에 넓은 일체형 원룸,21.05.29.,"1,000",70,"['25년이내', '융자금없는', '소형평수']",영웅공인중개사사무소,동향
2113874652,1144011500,마포구 ,DOC,월세,원룸,59,3/7,NaN,21.05.29.,"1,000",80,"['25년이내', '융자금없는', '역세권']",한강부동산공인중개사사무소,북동향
2113873995,1144011500,마포구 ,DOC,월세,원룸,25,2/4,초역세권 대로변 전철역1분이내 풀옵션 공실 정남향 밝음 베란다,21.05.29.,"1,000",60,"['25년이상', '융자금없는', '역세권']",한강부동산공인중개사사무소,남향
2113873586,1144011500,마포구 ,DOC,월세,원룸,24,4/4,상수역초역세권 대로변 풀옵션원룸 즉시입주,21.05.29.,"1,000",55,"['25년이상', '융자금없는', '역세권']",한강부동산공인중개사사무소,북향
2113849486,1144012100,마포구 ,DOC,월세,원룸,21,3/6,깔끔한방 풀옵션 입구경비근무 엘리베이터유 즉시입주가능,21.05.29.,"1,000",55,"['10년이내', '융자금없는', '역세권']",신촌우리공인중개사사무소,북서향
2113848264,1144011000,마포구 ,DOC,월세,원룸,30,5/5,경의선숲길공원부근 엘리베이터있는 풀옵션방 보증금3000가능,21.05.29.,"3,500",30,"['25년이내', '융자금없는', '역세권']",신촌우리공인중개사사무소,북서향
2113922684,1144012500,마포구 ,DOC,월세,원룸,29,-1/3,망원역 인근 전용넓은 분리형 원룸 즉시 입주가능,21.05.29.,"2,000",35,"['25년이내', '융자금없는', '역세권']",교보공인중개사사무소,남향
2113848847,1144011100,마포구 ,DOC,월세,원룸,29,2/8,서강대학교남문 바로앞 깔끔한 복층형 풀옵션방 채광전망굿 대로위치  ,21.05.29.,"1,000",65,"['15년이내', '융자금없는', '역세권']",신촌우리공인중개사사무소,남서향
2113911279,1144012100,마포구 ,DOC,월세,원룸,18,2/6,"홍대 6,7 번출구 경의선책거리 도보 3분 이내 깔끔한 원룸",21.05.29.,"1,000",50,"['10년이내', '융자금없는', '역세권']",영웅공인중개사사무소,남서향
2113816041,1144011500,마포구 ,DOC,월세,원룸,31,-1/3,상수역 5분거리 풀옵션 분리형 원룸,21.05.28.,500,45,"['25년이상', '융자금없는', '역세권']",부동산PARK공인중개사사무소,서향
2113803213,1144011000,마포구 ,DOC,월세,원룸,26,3/5,역3분 엘리베이터있는 인기좋은 남서향 풀옵션방  입주협의,21.05.28.,"1,000",50,"['25년이내', '융자금없는', '역세권']",신촌우리공인중개사사무소,남서향
2113836968,1144011000,마포구 ,DOC,월세,원룸,26,4/4,리모델링주택으로 깔끔 풀옵션방 서강역바로앞 입주협의대출협조가능,21.05.28.,"7,000",45,"['25년이상', '융자금없는', '역세권']",신촌우리공인중개사사무소,북서향
2113924484,1144010800,마포구 ,DOC,월세,원룸,26,4/5,NaN,21.05.29.,"1억 4,000",15,"['2년이내', '융자금없는', '역세권', '소형평수']",주식회사 여의도부동산중개법인,서향
2113789600,1144011000,마포구 ,DOC,월세,원룸,22,4/5,역3분 엘리베이터있는 인기좋은 풀옵션방  청소완료 즉시입주가능,21.05.28.,"1,000",45,"['25년이내', '융자금없는', '역세권']",신촌우리공인중개사사무소,북동향
2113833481,1144011000,마포구 ,DOC,월세,원룸,21,3/4,서강대인근 역세권 풀옵션방 즉시입주가능,21.05.28.,"1,000",50,"['25년이상', '융자금없는', '역세권']",신촌우리공인중개사사무소,북향
2113820366,1144012100,마포구 ,DOC,월세,원룸,23,1/3,동교동 가성비 좋은 원룸,21.05.28.,"1,000",45,"['25년이내', '융자금없는', '역세권']",청록공인중개사사무소,북향
2113837724,1144011000,마포구 ,DOC,월세,원룸,21,2/4,리모델링주택으로 깔끔 풀옵션방 서강역바로앞 즉시입주가능,21.05.28.,"1,000",55,"['25년이상', '융자금없는', '역세권']",신촌우리공인중개사사무소,남서향
2113833903,1144011000,마포구 ,DOC,월세,원룸,18,3/4,서강대인근 역세권 풀옵션방 즉시입주가능 실방사진 채광양호,21.05.28.,"1,000",40,"['25년이상', '융자금없는', '역세권']",신촌우리공인중개사사무소,서향
2113821222,1144012100,마포구 ,DOC,월세,원룸,26,2/3,동교동 역세권 원룸,21.05.28.,"1,000",60,"['25년이내', '융자금없는', '역세권']",청록공인중개사사무소,남향
2113834342,1144011000,마포구 ,DOC,월세,원룸,20,4/4,서강대부근 깔끔한 풀옵션방 즉시입주,21.05.28.,"1,000",45,"['25년이상', '융자금없는', '역세권']",신촌우리공인중개사사무소,서향
2113821954,1144012100,마포구 ,DOC,월세,원룸,23,3/3,동교동 책거리공원 인근 원룸,21.05.28.,"1,000",55,"['25년이내', '융자금없는', '역세권']",청록공인중개사사무소,북향
2113788643,1144011400,마포구 ,DOC,월세,원룸,25,2/5,경의선숲길공원부근 풀옵션방 즉시입주가능,21.05.28.,"1,000",50,"['25년이내', '융자금없는', '역세권']",신촌우리공인중개사사무소,남서향
2113735200,1144012000,마포구 ,DOC,월세,원룸,22,4/5,망원역세권 착한가격 풀옵션 원룸,21.05.28.,500,50,"['10년이내', '융자금없는', '역세권']",키움공인중개사사무소,북동향
2113738775,1144012000,마포구 ,DOC,월세,원룸,23,2/5,역세권 베란다 있는 풀옵션 원룸,21.05.28.,"1,000",47,"['25년이내', '융자금없는', '역세권']",키움공인중개사사무소,남동향
2113788373,1144011500,마포구 ,DOC,월세,원룸,36,2/6,"2층 상수역2분거리, 대로변 홍대 오피스텔원룸",21.05.28.,"1,000",60,"['25년이내', '융자금없는', '역세권']",윤성공인중개사사무소,동향
2113781239,1144012500,마포구 ,DOC,월세,원룸,48,2/5,"즉시입주,마포구청역6분,주차가능,엘有",21.05.28.,"1,000",45,"['25년이내', '융자금없는', '화장실한개', '소형평수']",대보부동산공인중개사사무소,남향
2113736148,1144011500,마포구 ,DOC,월세,원룸,33,1/4,상수역5분 깨끗하고 넓은 풀옵션 원룸,21.05.28.,500,45,"['25년이상', '융자금없는', '역세권', '1층']",롯데부동산공인중개사사무소,남향
2113779920,1144012000,마포구 ,DOC,월세,원룸,13,4/4,"넓고 조용한 방,방범최고,저렴한 월세",21.05.28.,"1,000",50,"['25년이상', '융자금적은', '테라스']",부동산톡공인중개사사무소,남동향
2114493327,1144011500,마포구 ,DOC,월세,원룸,20,저/7,NaN,21.06.04.,"1,000",47,"['25년이내', '융자금없는', '역세권']",한강부동산공인중개사사무소,동향
2113637909,1144012000,마포구 ,DOC,월세,원룸,22,중/4,"상상마당인근 밝고,깨끗 보안최고",21.05.27.,500,50,"['10년이내', '융자금없는', '마당']",수부동산공인중개사사무소,북동향
2113727359,1144012000,마포구 ,DOC,월세,원룸,30,4/7,"합정역 도보 7분, 보안좋은 큰길가 엘리베이터 현관보안, 여성분입주추천",21.05.27.,"4,000",45,"['25년이내', '융자금없는', '화장실한개', '소형평수']",라온 공인중개사사무소,남서향
2113703358,1144012600,마포구 ,DOC,월세,원룸,14,4/4,지상층 풀옵션 원룸,21.05.27.,500,40,"['10년이내', '융자금없는', '역세권', '소형평수']",부동산뉴스공인,남동향
2113781173,1144012300,마포구 ,DOC,월세,원룸,10,2/2,망원역 도보 5분 월세 저렴한 옥탑,21.05.28.,"1,000",40,"['25년이상', '융자금없는', '역세권']",영웅공인중개사사무소,남향
2113685003,1144012100,마포구 ,DOC,월세,원룸,8,2/3,동교동 풀옵션 원룸 월세,21.05.27.,500,45,"['25년이상', '융자금없는', '역세권']",청록공인중개사사무소,남동향
2113704478,1144012100,마포구 ,DOC,월세,원룸,26,1/3,역세권 저렴한원룸 월세,21.05.27.,500,50,"['25년이내', '융자금없는', '역세권']",하나공인중개사,남동향
2113725173,1144012300,마포구 ,DOC,월세,원룸,25,2/5,"풀옵션원룸,망리단길앞,주차가능",21.05.27.,"1,000",52,"['10년이내', '융자금없는', '화장실한개', '소형평수']",엘지공인중개사사무소,동향
2113678962,1144011400,마포구 ,DOC,월세,원룸,26,3/5,올수리한집,21.05.27.,"1,000",50,"['융자금없는', '올수리', '역세권', '화장실한개']",까치공인중개사사무소,동향
2113672617,1144012300,마포구 ,DOC,월세,원룸,20,3/5,마포구청역세권 풀옵션 원룸 임대,21.05.27.,"1,000",45,"['10년이내', '융자금없는', '역세권']",명성공인중개사사무소,동향
2113655275,1144012000,마포구 ,DOC,월세,원룸,14,고/9,합정역 도보1분 보안최고 원룸,21.05.27.,"1,000",60,"['10년이내', '융자금없는', '역세권']",마포GU공인중개사사무소,남동향
2113573419,1144011100,마포구 ,DOC,월세,원룸,33,저/2,대흥역 3분거리 투룸 월세. 조용하고 상태 최상급,21.05.26.,500,40,"['융자금없는', '역세권', '소형평수']",부동산114공인중개사사무소,남향
2113570501,1144011500,마포구 ,DOC,월세,원룸,29,2/4,상수역4분 남향 깨끗 넓은 풀옵션 원룸,21.05.26.,"1,000",55,"['15년이내', '융자금없는', '역세권']",롯데부동산공인중개사사무소,남서향
2113543434,1144010900,마포구 ,DOC,월세,원룸,20,5/5,이대역 도보 2분 대로변 여성전용 원룸,21.05.26.,"3,000",40,"['25년이상', '융자금없는', '역세권']",이화공인중개사사무소,남향
2113542967,1144012700,마포구 ,DOC,월세,원룸,19,4/5,풀옵션 남향 채광굿 대로변밤길안심 역도보3분,21.05.26.,"1,000",47,"['15년이내', '융자금없는', '역세권']",상암DMC공인중개사사무소,남향
2113531693,1144012000,마포구 ,DOC,월세,원룸,19,-1/3,"옵션 有, 반려동물 OK",21.05.26.,500,41,"['25년이내', '융자금없는', '화장실한개']",라온 공인중개사사무소,북서향
2113518721,1144011100,마포구 ,DOC,월세,원룸,33,3/4,경의중앙선  서강역     6호선 대흥역 인근 원룸,21.05.26.,"3,000",45,"['융자금없는', '역세권', '소형평수']",청마루공인중개사,남향
2113525840,1144011100,마포구 ,DOC,월세,원룸,27,3/4,NaN,21.05.26.,"1,000",55,"['10년이내', '융자금없는', '역세권', '복층']",성원부동산공인중개사사무소,동향
2113515256,1144012200,마포구 ,DOC,월세,원룸,17,3/4,리모델링후 첫입주 풀옵션 원룸 월세 즉시입주 가능,21.05.26.,"1,000",70,"['25년이상', '융자금없는', '화장실한개']",교보공인중개사사무소,남동향
2113545079,1144012300,마포구 ,DOC,월세,원룸,43,1/3,NaN,21.05.26.,"1,000",50,"['25년이상', '융자금없는', '1층']",거북공인중개사사무소,남향
2113546938,1144012500,마포구 ,DOC,월세,원룸,22,2/3,풀옵션 원룸 상태특급 마포구청역 도보5분 하시입주,21.05.26.,"1,000",50,"['25년이상', '융자금없는', '화장실한개', '소형평수']",청록공인중개사 사무소,남동향
2113530056,1144012300,마포구 ,DOC,월세,원룸,21,고/4,"망원역 지상원룸, 완전 풀옵 월세에 가스,수도포함입니다",21.05.26.,500,50,"['15년이내', '융자금없는', '역세권']",베스트공인중개사사무소,남서향
2113488533,1144012200,마포구 ,DOC,월세,원룸,21,4/5,"역세권 최고급원룸 착한보증금,월세 보안주차 채광굿",21.05.25.,500,63,"['10년이내', '융자금없는', '소형평수']",초록공인중개사사무소,남향
2113489546,1144011000,마포구 ,DOC,월세,원룸,47,4/5,신촌대로 인근 넓은 풀옵션 원룸,21.05.25.,"3,000",55,"['15년이내', '융자금없는', '역세권']",포스빌공인중개사,남향
2113597592,1144012500,마포구 ,DOC,월세,원룸,18,3/4,가좌역 역세권 신축 건물 풀옵션 저렴한 성산동 반전세,21.05.26.,"4,000",30,"['4년이내', '융자금없는', '소형평수']",영웅공인중개사사무소,남향
2113487916,1144011100,마포구 ,DOC,월세,원룸,33,3/4,"상태 깨끗,풀옵션,하시입주",21.05.25.,"3,000",45,"['25년이내', '융자금없는', '역세권']",한강공인중개사사무소,남동향
2113600960,1144012200,마포구 ,DOC,월세,원룸,15,4/4,"망원역 도보 12분, 고급 풀옵션 복층형 원룸",21.05.26.,"1,000",80,"['25년이상', '융자금없는', '복층']",영웅공인중개사사무소,남향
2113476719,1144012300,마포구 ,DOC,월세,원룸,20,3/5,역세권 풀옵션원룸 바로입주가능 도배함,21.05.25.,"1,000",45,"['10년이내', '융자금없는', '역세권', '화장실한개']",구청역공인중개사,동향
2113511654,1144012300,마포구 ,DOC,월세,원룸,23,3/5,주차가능한 풀옵션 원룸,21.05.25.,"1,000",50,"['15년이내', '융자금없는', '소형평수', '방한개']",오르는공인중개사사무소,서향
2114068002,1144010400,마포구 ,DOC,월세,원룸,21,2/4,"공덕역5분.신축급 4년차,풀옵션의 원룸,",21.06.01.,"1,000",50,"['4년이내', '융자금없는', '역세권']",우방공인중개사사무소,남향
2113395484,1144012100,마포구 ,DOC,월세,원룸,33,1/3,NaN,21.05.24.,1억,35,"['25년이내', '융자금없는', '역세권', '1층']",홍대AK부동산중개,동향
2113444990,1144010500,마포구 ,DOC,월세,원룸,21,저/4,마포역 도보 10분 저렴한 풀옵션 원룸,21.05.25.,300,25,"['융자금적은', '화장실한개', '소형평수']",왕최고공인중개사사무소,서향
2113399586,1144012000,마포구 ,DOC,월세,원룸,35,1/3,1.5층 원룸 반전세,21.05.24.,"3,000",45,"['25년이상', '융자금없는', '역세권', '1층']",홍대AK부동산중개,남향
2113373023,1144010200,마포구 ,DOC,월세,원룸,20,3/6,NaN,21.05.24.,500,40,"['25년이내', '융자금없는', '화장실한개']",이원공인중개사사무소,북서향
2113294343,1144012300,마포구 ,DOC,월세,원룸,23,중/5,깔끔한원룸 풀옵션 최저가월세,21.05.24.,"1,000",40,"['15년이내', '융자금없는', '역세권', '화장실한개']",초록공인중개사사무소,남향
2113354842,1144012300,마포구 ,DOC,월세,원룸,15,1/5,주차가능 상태깨끗,21.05.24.,"1,000",40,"['15년이내', '융자금없는', '1층', '소형평수']",동교공인중개사사무소,남서향
2113311040,1144012100,마포구 ,DOC,월세,원룸,22,3/5,넓고 채광좋은방 풀옵션 상태양호 즉시입주가능,21.05.24.,"1,000",50,"['25년이내', '융자금없는', '역세권']",신촌우리공인중개사사무소,동향
2113322028,1144012600,마포구 ,DOC,월세,원룸,12,-1/2,NaN,21.05.24.,"1,000",30,"['25년이내', '융자금적은', '역세권', '화장실한개']",청록공인중개사 사무소,남서향
2113326702,1144012000,마포구 ,DOC,월세,원룸,16,-1/3,홍대 저렴한 원룸,21.05.24.,500,40,"['25년이상', '융자금없는', '화장실한개']",홍대사무실청춘공인중개사사무소,북동향
2113377063,1144010800,마포구 ,DOC,월세,원룸,18,6/6,서강대후문 바로앞 대흥역도보5분 전체올수리입주 풀옵션입니다,21.05.24.,"1,000",42,"['25년이내', '융자금없는', '올수리', '역세권']",천리안공인중개사,남서향
2113307159,1144012500,마포구 ,DOC,월세,원룸,24,2/5," 1년계약가능 지상으로 저렴이 원룸, 바로이사",21.05.24.,500,40,"['25년이내', '융자금없는', '역세권']",베스트공인중개사사무소,남향
2114038319,1144010200,마포구 ,DOC,월세,원룸,13,3/5,신축급 풀옵션 공덕역 도보5분이내 평지역세권 입주빨리입니다,21.05.31.,"5,000",40,"['10년이내', '융자금없는', '역세권', '소형평수']",천리안공인중개사,남동향
2114052754,1144010400,마포구 ,DOC,월세,원룸,19,2/4,"마포역5분, 주차가능한 원룸, 1년전 올수리, 즉시입주",21.05.31.,"1,000",48,"['10년이내', '융자금없는', '올수리']",우방공인중개사사무소,동향
2113410692,1144011100,마포구 ,DOC,월세,원룸,104,3/4,광성중고 입구 깨끗하고 넓은 풀옵션원룸 보증금조정가능,21.05.25.,"5,000",35,"['융자금없는', '역세권', '방한개']",신촌숲채움공인중개사사무소,남향
2113263494,1144012500,마포구 ,DOC,월세,원룸,39,중/3,아주 좋은 분리형 원룸,21.05.24.,500,50,"['25년이상', '융자금없는', '역세권']",부동산뉴스공인,북서향
2113393331,1144011100,마포구 ,DOC,월세,원룸,16,2/5,초역세권 살기좋은 원룸 있습니다.,21.05.24.,500,45,"['15년이내', '융자금없는', '역세권', '소형평수']",대원경남(단지내)공인중개사,남향
2116176428,1144011400,마포구 ,NONE,월세,원룸,20,2/5,원룸,21.06.22.,"1,000",45,"['25년이상', '융자금없는', '역세권', '소형평수']",신촌에이스공인중개사사무소,북동향
2116154825,1144012500,마포구 ,NONE,월세,원룸,20,2/2,초역세권이고 저렴한 원룸월세입니다~~,21.06.22.,"1,000",35,"['25년이상', '융자금적은', '역세권', '소형평수']",나루공인중개사사무소,남향
2116185777,1144012300,마포구 ,NONE,월세,원룸,45,2/3,전용넓은분리형원룸  리모델링건물 밝고깨끗 사무실로사용가,21.06.22.,"1,000",60,"['25년이내', '융자금없는', '역세권', '소형평수']",미래부동산공인중개사사무소,남서향
2116096453,1144012400,마포구 ,NONE,월세,원룸,22,3/4,즉시입주 가능한 깔끔한 원룸,21.06.21.,500,55,"['25년이내', '융자금없는', '소형평수', '방한개']",에스앰(SM)공인중개사사무소,남동향
2116041362,1144012000,마포구 ,NONE,월세,원룸,21,-1/3,"반지하 풀옵션 원룸
홍대입구 도보3분거리",21.06.21.,500,45,"['25년이상', '융자금적은', '역세권', '소형평수']",삼성공인중개사사무소,북향
2115945856,1144012400,마포구 ,NONE,월세,원룸,30,1/5,연남동 꽃길~ 깔끔한 내외관 원룸 ,21.06.19.,"1,000",52,"['10년이내', '융자금적은', '1층', '소형평수']",힘찬공인중개사사무소,남동향
2115838489,1144010800,마포구 ,NONE,월세,원룸,20,4/5,실사진 첨부 역도보2분 풀옵션원룸 엘베있음 신축급 ,21.06.18.,"1,000",55,"['10년이내', '융자금없는', '역세권', '화장실한개']",마포펜션공인중개사사무소,동향
2115738265,1144012400,마포구 ,NONE,월세,원룸,22,1/3,뽀송뽀송 평1층 분리형 원룸 입니다.,21.06.17.,"1,000",55,"['10년이내', '융자금없는', '1층', '화장실한개']",에스앰(SM)공인중개사사무소,남서향
2115806323,1144012400,마포구 ,NONE,월세,원룸,21,3/5,연남동 조용한 주택가 깔끔한 원룸,21.06.17.,"1,000",55,"['10년이내', '융자금없는', '화장실한개', '소형평수']",에스앰(SM)공인중개사사무소,남서향
2115685130,1144012500,마포구 ,NONE,월세,원룸,33,3/5,마포구청역도보5분,21.06.16.,"1,000",40,"['10년이내', '융자금적은', '역세권', '화장실한개']",행운공인중개사사무소,남동향
2115580899,1144012000,마포구 ,NONE,월세,원룸,18,1/4,홍대입구 8번출구 도보3분,21.06.15.,"1,000",50,"['25년이내', '융자금없는', '역세권', '1층']",삼성공인중개사사무소,동향
2115580596,1144012100,마포구 ,NONE,월세,원룸,18,2/3,홍대입구 3번출구 도보 3분,21.06.15.,500,50,"['25년이상', '융자금적은', '역세권', '소형평수']",삼성공인중개사사무소,북향
2115553653,1144012400,마포구 ,NONE,월세,원룸,23,-1/3,가성비 좋은 깔끔한 반지층원룸,21.06.15.,"1,000",30,"['25년이내', '융자금없는', '소형평수', '방한개']",연세부동산공인중개사사무소,남동향
2115301526,1144011500,마포구 ,NONE,월세,원룸,24,3/3,상수역세권 풀옵션 분리형 옥탑원룸,21.06.12.,"1,000",40,"['25년이상', '융자금없는', '역세권', '화장실한개']",정공인중개사사무소,남향
2115312376,1144012500,마포구 ,NONE,월세,원룸,17,고/5,"공실. 풀옵션 , 원룸 , 주차 , 피로티 ,보안 . 인터넷, 베렌다",21.06.12.,"1,000",45,"['10년이내', '융자금없는', '역세권', '화장실한개']",무자공인중개사사무소,남동향
2115326579,1144012500,마포구 ,NONE,월세,원룸,33,2/4,넉넉한 필로티주차 분리형원룸 베란다있음,21.06.12.,"1,000",50,"['25년이내', '융자금없는', '화장실한개', '소형평수']",성미산동진공인중개사사무소,북동향
2115305896,1144012000,마포구 ,NONE,월세,원룸,30,3/5,"리모델링 완비, 남향, 반전세 가능 2,000/45, 3000/40 ",21.06.12.,"1,000",45,"['25년이상', '융자금없는', '역세권', '화장실한개']",신세계공인중개사사무소,남향
2115308628,1144010100,마포구 ,NONE,월세,원룸,89,1/3,사진o 마당o 역가까운 풀옵션 분리원룸,21.06.12.,"1,000",45,"['25년이상', '융자금없는', '마당', '역세권']",영광공인중개사사무소,서향
2115302033,1144011500,마포구 ,NONE,월세,원룸,34,4/5,상수역세권 깨끗하고 넓은 분리형,21.06.12.,"1,000",70,"['15년이내', '융자금없는', '역세권', '화장실한개']",정공인중개사사무소,남향
2115323143,1144012200,마포구 ,NONE,월세,원룸,27,3/3,빠른입주 에컨 냉장고 세탁기 옷장,21.06.12.,"1,000",60,"['25년이내', '융자금없는', '역세권', '화장실한개']",충북공인중개사사무소,남동향
2115286302,1144012500,마포구 ,NONE,월세,원룸,18,2/5,내부옵션이  알짜게 꾸며져 있네요~ ,21.06.12.,"1,000",47,"['10년이내', '융자금없는', '화장실한개', '소형평수']",나루공인중개사사무소,동향
2115099113,1144010200,마포구 ,NONE,월세,원룸,77,2/2,"만리동고개 / 풀옵션 신축같은 원룸
만리동고개 / 풀옵션 신축같은 원룸",21.06.10.,500,35,"['25년이상', '융자금없는', '역세권', '방한개']",친절한공인중개사사무소,남동향
2115007518,1144012500,마포구 ,NONE,월세,원룸,28,1/5,풀옵션 분리형원룸 평1층입니다,21.06.09.,"2,000",65,"['10년이내', '융자금없는', '1층', '화장실한개']",비타민공인중개사사무소,북동향
2115014625,1144012300,마포구 ,NONE,월세,원룸,40,4/4,탑층  넓은분리형원룸   넓은옥상마당독채로 사용가,21.06.09.,"1억 2,000",10,"['25년이내', '융자금없는', '마당', '소형평수']",미래부동산공인중개사사무소,남서향
2114995616,1144012000,마포구 ,NONE,월세,원룸,23,3/5,6호선 망원역 5분 엘리베이터 작은 베란다 있어요 ,21.06.09.,500,50,"['10년이내', '융자금없는', '역세권', '소형평수']",키움공인중개사사무소,북서향
2115014816,1144011100,마포구 ,NONE,월세,원룸,24,3/5,공실 에컨 유 주차가 ,21.06.09.,500,65,"['10년이내', '융자금없는', '역세권', '소형평수']",충북공인중개사사무소,북향
2114999903,1144012000,마포구 ,NONE,월세,원룸,20,-1/3,홍대역세권 저렴한 반지층 원룸,21.06.09.,500,40,"['25년이내', '융자금없는', '소형평수', '방한개']",키움공인중개사사무소,동향
2114864098,1144012000,마포구 ,NONE,월세,원룸,40,2/5,이사바로가능 넓은원룸,21.06.08.,"1,000",60,"['15년이내', '융자금없는', '역세권', '화장실한개']",두산위브공인중개사사무소,남향
2114715028,1144012000,마포구 ,NONE,월세,원룸,39,8/9,신축급 합정초역세권 원룸,21.06.07.,"1,000",70,"['10년이내', '융자금없는', '역세권', '화장실한개']",온나라부동산공인중개사사무소,남향
2114682239,1144012000,마포구 ,NONE,월세,원룸,16,3/5,합정역 가까운 깔끔한 월룸 ,21.06.07.,"3,000",40,"['10년이내', '융자금없는', '역세권', '화장실한개']",중앙공인중개사사무소,동향
2114603430,1144012500,마포구 ,NONE,월세,원룸,33,-1/3,분리형원룸 풀옵션 구조좋음. 현공실 지층이지만 채광 좋음,21.06.05.,"5,000",10,"['25년이내', '융자금없는', '역세권', '소형평수']",무자공인중개사사무소,남향
2114434448,1144012000,마포구 ,NONE,월세,원룸,35,-1/3,합정초역세권 전용넓은 원룸,21.06.03.,300,55,"['25년이내', '융자금없는', '역세권', '소형평수']",키움공인중개사사무소,남동향
2114291298,1144011100,마포구 ,NONE,월세,원룸,19,3/4,"대흥역 도보1분,초역세권 관리상태 좋은 원룸, ",21.06.02.,"1,000",45,"['10년이내', '융자금없는', '역세권', '화장실한개']",부동산114중개사무소,남향
2114287490,1144010800,마포구 ,NONE,월세,원룸,15,3/4,"대흥역 도보4분 신축 원룸, 경의선숲길도보2분,",21.06.02.,500,45,"['2년이내', '융자금없는', '역세권', '소형평수']",부동산114중개사무소,북향
2114100252,1144012500,마포구 ,NONE,월세,원룸,31,3/5,NaN,21.06.01.,"1,000",60,"['4년이내', '융자금없는', '역세권', '화장실한개']",좋은집공인중개사사무소,남동향
2114195217,1144011100,마포구 ,NONE,월세,원룸,26,2/4,다가구2층 분리형원룸 큰방1 풀옵션 주차가,21.06.01.,"5,000",30,"['25년이상', '융자금없는', '역세권', '소형평수']",삼성래미안공인중개사사무소,남향
2114151069,1144012300,마포구 ,NONE,월세,원룸,37,3/4,깔끔하고 전용 넓은 분리형원룸 월세,21.06.01.,"1,000",70,"['15년이내', '융자금없는', '역세권', '화장실한개']",비타민공인중개사사무소,북향
2114192162,1144012400,마포구 ,NONE,월세,원룸,30,3/3,경성중고인근 넓은옥탑 ,21.06.01.,500,40,"['25년이내', '융자금없는', '소형평수', '방한개']",114공인중개사사무소,남서향
2114195077,1144010800,마포구 ,NONE,월세,원룸,26,-1/5,다가구 원룸 분리형 큰방 거실,21.06.01.,"1,000",40,"['25년이내', '융자금없는', '역세권', '소형평수']",삼성래미안공인중개사사무소,남향
2114195044,1144011100,마포구 ,NONE,월세,원룸,23,3/5,신축급원룸 풀옵션 주차가 하시입주,21.06.01.,500,46,"['10년이내', '융자금없는', '소형평수', '방한개']",삼성래미안공인중개사사무소,남향
2114195027,1144010500,마포구 ,NONE,월세,원룸,23,4/4,다가구 원룸 방1 거실 분리형,21.06.01.,500,35,"['25년이상', '융자금없는', '소형평수', '방한개']",삼성래미안공인중개사사무소,남향
2114190875,1144011100,마포구 ,NONE,월세,원룸,20,2/4,공실 하시입주,21.06.01.,"2,000",45,"['25년이내', '융자금없는', '역세권', '소형평수']",삼성래미안공인중개사사무소,남동향
2114078319,1144012400,마포구 ,NONE,월세,원룸,33,-1/2,경성고 후문쪽 채광좋은 반지층원룸월세,21.05.31.,500,45,"['25년이내', '융자금없는', '소형평수', '방한개']",연세부동산공인중개사사무소,남서향
2114028620,1144011400,마포구 ,NONE,월세,원룸,16,1/4,2호선 신촌역에서 5분거리 임대료 저렴한 원룸 입니다,21.05.31.,"1,000",47,"['25년이내', '융자금적은', '역세권', '1층']",명문 부동산중개사무소,남서향
2113965808,1144011100,마포구 ,NONE,월세,원룸,19,4/4,위치 좋고 상태좋은 옥탑방 풀옵션,21.05.31.,500,45,"['25년이상', '융자금적은', '역세권', '소형평수']",대산공인중개사사무소,남향
2114070602,1144012500,마포구 ,NONE,월세,원룸,40,1/3,"분리형원룸,즉시입주가능",21.05.31.,"1,000",50,"['25년이상', '융자금없는', '역세권', '1층']",중앙공인중개사사무소,동향
2114071247,1144010200,마포구 ,NONE,월세,원룸,25,3/4,"공덕역세권,풀옵션,즉시입주",21.05.31.,"3,000",52,"['4년이내', '융자금없는', '역세권', '소형평수']",예스부동산공인중개사사무소,동향
